complex_id,pdb_id,ccd_id,in_308_subset,ligand_heavy_atoms,ligand_smiles,protein_atoms,protein_chains,hetatm_atoms,hetatm_residue_types
5S8I_2LY,5S8I,2LY,0,13,,966,1,0,0
5SAK_ZRY,5SAK,ZRY,1,18,,4667,1,35,3
5SB2_1K2,5SB2,1K2,1,30,,2285,1,5,1
5SD5_HWI,5SD5,HWI,1,29,,1296,1,69,3
5SIS_JSM,5SIS,JSM,1,32,,2570,1,2,2
6M2B_EZO,6M2B,EZO,1,25,,2792,1,42,2
6M73_FNR,6M73,FNR,1,31,,2783,1,42,5
6T88_MWQ,6T88,MWQ,1,10,,6891,1,161,4
6TW5_9M2,6TW5,9M2,1,31,,9401,3,222,5
6TW7_NZB,6TW7,NZB,1,29,,3354,1,64,2
6VS3_R6V,6VS3,R6V,0,36,,4860,2,0,0
6VTA_AKN,6VTA,AKN,1,40,,2829,2,102,1
6W59_SZD,6W59,SZD,0,32,,4257,1,15,1
6WTN_RXT,6WTN,RXT,1,23,,2285,1,12,1
6X8D_ARA,6X8D,ARA,0,10,,2595,1,36,2
6XAF_GDP,6XAF,GDP,0,28,,2684,2,2,1
6XBO_5MC,6XBO,5MC,1,22,,2397,1,194,2
6XCT_478,6XCT,478,1,35,,4616,1,0,0
6XG5_TOP,6XG5,TOP,1,21,,1267,1,55,3
6XHT_V2V,6XHT,V2V,1,34,,10872,6,33,1
6XM9_V55,6XM9,V55,1,11,,7427,1,91,4
6XUM_30L,6XUM,30L,0,25,,4883,1,63,2
6Y7L_QMG,6Y7L,QMG,0,25,,901,1,0,0
6YDY_K73,6YDY,K73,0,28,,3139,1,1,1
6YJA_2BA,6YJA,2BA,1,44,,2188,2,8,3
6YMS_OZH,6YMS,OZH,1,35,,4654,1,31,5
6YQV_8K2,6YQV,8K2,1,10,,4475,3,39,5
6YQW_82I,6YQW,82I,1,11,,821,1,0,0
6YR2_T1C,6YR2,T1C,1,42,,3196,2,19,3
6YRV_PJ8,6YRV,PJ8,1,17,,4267,1,76,3
6YSP_PAL,6YSP,PAL,1,16,,14471,3,114,3
6YT6_PKE,6YT6,PKE,1,31,,4125,2,5,1
6YYO_Q1K,6YYO,Q1K,1,19,,3426,2,165,4
6Z0R_Q4H,6Z0R,Q4H,1,9,,2244,1,13,2
6Z14_Q4Z,6Z14,Q4Z,1,18,,5264,1,25,3
6Z1C_7EY,6Z1C,7EY,1,22,,2637,1,1,1
6Z2C_Q5E,6Z2C,Q5E,1,26,,4334,3,0,0
6Z4N_Q7B,6Z4N,Q7B,1,20,,4786,2,59,4
6Z5Z_BDF,6Z5Z,BDF,0,12,,679,1,96,1
6ZAE_ACV,6ZAE,ACV,1,24,,5045,1,6,2
6ZC3_JOR,6ZC3,JOR,1,15,,1352,2,4,1
6ZCY_QF8,6ZCY,QF8,1,33,,2055,1,0,0
6ZK5_IMH,6ZK5,IMH,1,19,,4812,2,20,3
6ZPB_3D1,6ZPB,3D1,1,18,,1395,1,3,1
6ZR8_QOZ,6ZR8,QOZ,0,33,,2067,1,1,1
6ZT2_QPK,6ZT2,QPK,0,10,,1818,1,57,3
6ZX3_QRZ,6ZX3,QRZ,0,24,,1966,1,11,2
6ZXQ_IMO,6ZXQ,IMO,0,27,,3212,1,9,2
7A1P_QW2,7A1P,QW2,1,13,,5627,2,16,2
7A9E_R4W,7A9E,R4W,1,6,,2859,1,17,3
7A9H_TPP,7A9H,TPP,1,26,,16342,2,2,1
7AA0_R6B,7AA0,R6B,0,26,,4385,2,0,0
7AFX_R9K,7AFX,R9K,1,20,,6775,2,30,2
7AKL_RK5,7AKL,RK5,1,19,,2673,1,1,1
7AMC_73B,7AMC,73B,0,31,,1849,2,20,2
7AN5_RDH,7AN5,RDH,1,15,,4427,2,0,0
7AS1_21G,7AS1,21G,0,29,,1270,1,1,1
7AVI_S2Q,7AVI,S2Q,0,27,,15680,2,0,0
7B0E_C2E,7B0E,C2E,0,46,,2081,1,65,3
7B2C_TP7,7B2C,TP7,1,21,,20521,6,252,10
7B94_ANP,7B94,ANP,1,31,,4696,2,46,3
7BA0_T5H,7BA0,T5H,0,55,,1941,1,0,0
7BCP_GCO,7BCP,GCO,1,13,,4832,1,0,0
7BHX_TO5,7BHX,TO5,0,21,,2929,1,32,3
7BJ6_TVK,7BJ6,TVK,0,37,,749,1,27,3
7BJJ_TVW,7BJJ,TVW,1,10,,2077,1,1,1
7BKA_4JC,7BKA,4JC,1,12,,6509,5,20,1
7BLA_WCS,7BLA,WCS,0,32,,1630,1,0,0
7BLG_GAL,7BLG,GAL,0,12,,1108,1,1,1
7BMI_U4B,7BMI,U4B,1,13,,7044,2,1,1
7BNH_BEZ,7BNH,BEZ,1,9,,3024,2,53,4
7BTT_F8R,7BTT,F8R,1,40,,2385,1,0,0
7C0U_FGO,7C0U,FGO,1,43,,6114,2,59,4
7C3U_AZG,7C3U,AZG,1,11,,2644,2,6,2
7C6P_SQH,7C6P,SQH,0,21,,852,1,0,0
7C8Q_DSG,7C8Q,DSG,1,9,,9936,2,28,2
7CD9_FVR,7CD9,FVR,1,33,,7062,2,26,1
7CIJ_G0C,7CIJ,G0C,1,21,,8150,2,0,0
7CL8_TES,7CL8,TES,1,21,,3032,1,67,3
7CNQ_G8X,7CNQ,G8X,1,9,,16396,4,16,1
7CNS_PMV,7CNS,PMV,1,14,,3937,2,7,1
7CTM_BDP,7CTM,BDP,1,13,,7450,1,56,2
7CUO_PHB,7CUO,PHB,1,10,,3659,2,40,1
7D0P_1VU,7D0P,1VU,0,52,,2426,2,2,2
7D5C_GV6,7D5C,GV6,1,31,,7448,1,59,2
7D6O_MTE,7D6O,MTE,1,24,,19980,2,151,6
7D8Q_GZF,7D8Q,GZF,0,28,,1477,1,2,1
7D9L_GSF,7D9L,GSF,0,22,,1678,1,10,4
7DIN_MPO,7DIN,MPO,0,13,,820,1,11,2
7DKT_GLF,7DKT,GLF,1,12,,6217,1,79,2
7DQL_4CL,7DQL,4CL,1,9,,2879,2,30,2
7DUA_HJ0,7DUA,HJ0,1,23,,4503,2,0,0
7E2S_BLA,7E2S,BLA,0,43,,3697,1,17,1
7E4L_MDN,7E4L,MDN,1,9,,4266,2,2,1
7EBG_J0L,7EBG,J0L,1,14,,5487,2,43,3
7ECR_SIN,7ECR,SIN,1,8,,10401,3,240,2
7ED2_A3P,7ED2,A3P,1,27,,3386,2,4,1
7ELT_TYM,7ELT,TYM,1,37,,2516,1,0,0
7EN7_J79,7EN7,J79,0,24,,1466,1,0,0
7EPV_FDA,7EPV,FDA,1,53,,2914,1,18,1
7ES1_UDP,7ES1,UDP,1,25,,3122,1,34,1
7F51_BA7,7F51,BA7,1,44,,2280,1,1,1
7F5D_EUO,7F5D,EUO,1,21,,904,1,0,0
7F8T_FAD,7F8T,FAD,1,53,,3677,1,57,2
7FB7_8NF,7FB7,8NF,1,9,,2513,2,49,3
7FHA_ADX,7FHA,ADX,1,27,,6284,2,36,3
7FRX_O88,7FRX,O88,1,30,,25843,8,224,4
7FT9_4MB,7FT9,4MB,1,14,,5944,4,43,2
7JG0_GAR,7JG0,GAR,1,18,,1535,1,0,0
7JGW_V9S,7JGW,V9S,0,45,,1164,1,0,0
7JHQ_VAJ,7JHQ,VAJ,1,18,,7880,4,36,4
7JMV_4NC,7JMV,4NC,1,11,,3537,1,3,2
7JNB_A2G,7JNB,A2G,0,15,,3175,1,14,2
7JR8_VH7,7JR8,VH7,0,28,,6546,2,76,5
7JUD_MMA,7JUD,MMA,0,13,,2067,2,3,1
7JXX_VP7,7JXX,VP7,1,25,,2322,1,3,1
7JY3_VUD,7JY3,VUD,1,27,,4384,4,270,3
7K0V_VQP,7K0V,VQP,1,32,,8508,4,2,1
7K41_VUA,7K41,VUA,0,22,,4759,1,48,2
7KB1_WBJ,7KB1,WBJ,1,22,,12947,4,26,4
7KC5_BJZ,7KC5,BJZ,1,37,,5840,2,2,1
7KFO_IAC,7KFO,IAC,0,13,,1080,1,20,1
7KLX_WOV,7KLX,WOV,0,17,,2185,1,1,1
7KM8_WPD,7KM8,WPD,1,29,,2428,2,100,2
7KP6_WTP,7KP6,WTP,0,28,,8523,2,2,1
7KQU_YOF,7KQU,YOF,1,14,,4665,2,112,4
7KRU_ATP,7KRU,ATP,1,31,,16485,2,87,4
7KZ9_XN7,7KZ9,XN7,1,11,,7546,2,63,2
7L00_XCJ,7L00,XCJ,1,27,,9184,4,144,3
7L03_F9F,7L03,F9F,1,22,,4958,2,60,4
7L5F_XNG,7L5F,XNG,1,18,,1989,1,8,2
7L6D_BMF,7L6D,BMF,0,28,,910,1,37,2
7L7C_XQ1,7L7C,XQ1,1,21,,2892,2,1,1
7L81_UD4,7L81,UD4,0,38,,1612,1,89,3
7LB3_XXS,7LB3,XXS,0,29,,1114,1,4,1
7LCU_XTA,7LCU,XTA,1,39,,3568,1,24,2
7LEV_0JO,7LEV,0JO,1,21,,4598,2,50,4
7LJN_GTP,7LJN,GTP,1,32,,10660,4,4,1
7LMO_NYO,7LMO,NYO,1,37,,3260,2,10,1
7LOE_Y84,7LOE,Y84,1,11,,1295,1,12,2
7LOU_IFM,7LOU,IFM,1,10,,8901,2,78,2
7LT0_ONJ,7LT0,ONJ,1,27,,1635,1,0,0
7LZD_YHY,7LZD,YHY,1,29,,1912,1,70,4
7LZQ_YJV,7LZQ,YJV,0,22,,1024,1,4,1
7M31_TDR,7M31,TDR,1,9,,30767,4,648,4
7M3H_YPV,7M3H,YPV,1,24,,12517,2,16,2
7M41_YQG,7M41,YQG,0,32,,1718,2,2,1
7M6K_YRJ,7M6K,YRJ,1,33,,9444,2,2,1
7MAE_XUS,7MAE,XUS,0,49,,3000,2,20,1
7MEU_MGP,7MEU,MGP,0,33,,5898,2,33,1
7MFP_Z7P,7MFP,Z7P,1,50,,11213,4,34,3
7MGT_ZD4,7MGT,ZD4,1,28,,4898,1,6,2
7MGY_ZD1,7MGY,ZD1,1,23,,10211,2,47,2
7MMH_ZJY,7MMH,ZJY,1,57,,2531,1,61,3
7MOI_HPS,7MOI,HPS,1,11,,2508,2,0,0
7MRH_ZMJ,7MRH,ZMJ,0,24,,1806,2,0,0
7MS7_ZQ1,7MS7,ZQ1,0,29,,1759,2,10,3
7MSR_DCA,7MSR,DCA,1,47,,10580,2,77,4
7MWN_WI5,7MWN,WI5,1,32,,3685,2,31,5
7MWU_ZPM,7MWU,ZPM,1,7,,3732,1,79,3
7MY1_IPE,7MY1,IPE,1,14,,2097,1,5,2
7MYU_ZR7,7MYU,ZR7,1,35,,6067,2,5,1
7MZS_GLA,7MZS,GLA,0,12,,2869,1,6,1
7N03_ZRP,7N03,ZRP,1,28,,1254,1,10,1
7N4N_0BK,7N4N,0BK,1,32,,7245,2,34,1
7N4W_P4V,7N4W,P4V,1,26,,1461,1,11,2
7N6F_0I1,7N6F,0I1,1,26,,3508,1,83,3
7N7B_T3F,7N7B,T3F,1,35,,4480,2,100,3
7N7H_CTP,7N7H,CTP,1,29,,2316,1,36,3
7NA4_1I9,7NA4,1I9,0,38,,783,1,13,2
7NB4_U6Q,7NB4,U6Q,0,31,,1191,1,19,2
7NF0_BYN,7NF0,BYN,1,37,,7644,2,14,4
7NF3_4LU,7NF3,4LU,1,36,,3867,1,3,2
7NFB_GEN,7NFB,GEN,1,20,,8318,4,171,5
7NGW_UAW,7NGW,UAW,1,17,,1502,1,20,1
7NLK_UHK,7NLK,UHK,0,16,,4618,2,4,2
7NLV_UJE,7NLV,UJE,1,21,,3537,4,0,0
7NML_I7B,7NML,I7B,0,16,,4034,2,26,2
7NP6_UK8,7NP6,UK8,1,32,,1943,1,0,0
7NPL_UKZ,7NPL,UKZ,1,27,,2847,1,6,1
7NR6_UO8,7NR6,UO8,0,17,,2464,2,10,2
7NR8_UOE,7NR8,UOE,1,45,,2834,1,32,4
7NSW_HC4,7NSW,HC4,1,12,,5101,2,7,2
7NTG_F6R,7NTG,F6R,0,16,,3163,1,4,1
7NU0_DCL,7NU0,DCL,1,8,,6685,1,42,4
7NUT_GLP,7NUT,GLP,1,16,,11962,2,2,1
7NXO_UU8,7NXO,UU8,1,34,,5738,2,37,3
7O0N_CDP,7O0N,CDP,1,25,,3052,2,31,4
7O1T_5X8,7O1T,5X8,1,25,,2833,1,41,6
7OCB_V88,7OCB,V88,0,41,,2861,1,52,4
7ODX_DGP,7ODX,DGP,0,23,,2691,1,30,1
7ODY_DGI,7ODY,DGI,1,27,,5884,4,52,2
7OEO_V9Z,7OEO,V9Z,1,32,,905,1,0,0
7OFF_VCB,7OFF,VCB,1,27,,4360,1,88,2
7OFK_VCH,7OFK,VCH,1,35,,2159,2,9,2
7OKC_VFE,7OKC,VFE,0,29,,1991,1,1,1
7OKF_VH5,7OKF,VH5,0,28,,1024,2,38,3
7OLI_8HG,7OLI,8HG,1,20,,3853,2,20,1
7OLT_58J,7OLT,58J,0,23,,2227,1,13,5
7OMJ_GCP,7OMJ,GCP,0,32,,4463,1,1,1
7OMX_CNA,7OMX,CNA,1,44,,1607,1,3,1
7OP9_06K,7OP9,06K,1,11,,21660,12,77,2
7OPG_06N,7OPG,06N,1,19,,8280,3,85,3
7ORW_7WA,7ORW,7WA,0,10,,909,1,14,4
7OSO_0V1,7OSO,0V1,1,7,,3206,1,3,1
7OU8_1XI,7OU8,1XI,0,23,,22192,2,11,2
7OZ9_NGK,7OZ9,NGK,1,19,,7540,2,2,1
7OZC_G6S,7OZC,G6S,1,16,,3731,1,1,1
7P1F_KFN,7P1F,KFN,1,17,,5906,2,26,2
7P1M_4IU,7P1M,4IU,1,24,,2386,2,1,1
7P2I_MFU,7P2I,MFU,1,12,,2081,3,168,1
7P2W_4QR,7P2W,4QR,0,34,,1574,1,9,2
7P4C_5OV,7P4C,5OV,1,16,,12326,1,85,3
7P4J_5JK,7P4J,5JK,0,29,,6214,1,134,9
7P4V_DAT,7P4V,DAT,0,26,,882,1,2,1
7P5T_5YG,7P5T,5YG,1,23,,3091,1,48,3
7P85_5ZG,7P85,5ZG,0,14,,2556,1,38,4
7PA4_C,7PA4,C,0,21,,4050,1,10,4
7PGX_FMN,7PGX,FMN,1,31,,1186,1,86,6
7PIH_7QW,7PIH,7QW,1,24,,5747,2,23,2
7PJQ_OWH,7PJQ,OWH,1,10,,2565,2,47,2
7PK0_BYC,7PK0,BYC,1,56,,2294,1,4,1
7PL1_SFG,7PL1,SFG,1,27,,1629,1,37,3
7POM_7VZ,7POM,7VZ,1,22,,7634,4,4,1
7PRI_7TI,7PRI,7TI,1,20,,4494,2,78,3
7PRM_81I,7PRM,81I,1,32,,2283,1,8,1
7PT3_3KK,7PT3,3KK,1,54,,17141,2,55,2
7PUV_84Z,7PUV,84Z,1,24,,8336,4,39,3
7Q19_DSM,7Q19,DSM,0,20,,1254,1,17,3
7Q25_8J9,7Q25,8J9,1,33,,19386,2,549,13
7Q27_8KC,7Q27,8KC,1,35,,9388,1,207,10
7Q2B_M6H,7Q2B,M6H,1,12,,2279,1,14,2
7Q5I_I0F,7Q5I,I0F,1,27,,13135,1,22,2
7QE4_NGA,7QE4,NGA,1,15,,9925,2,153,3
7QF4_RBF,7QF4,RBF,1,27,,942,1,2,2
7QFM_AY3,7QFM,AY3,1,20,,2196,2,6,1
7QGP_DJ8,7QGP,DJ8,1,35,,2186,1,5,2
7QHG_T3B,7QHG,T3B,1,42,,4393,2,20,1
7QHL_D5P,7QHL,D5P,1,30,,8761,4,75,4
7QK0_EBL,7QK0,EBL,0,38,,1034,1,17,3
7QPP_VDX,7QPP,VDX,1,30,,4069,1,5,1
7QSW_CAP,7QSW,CAP,0,21,,18193,8,4,1
7QTA_URI,7QTA,URI,1,17,,4075,2,101,5
7R3D_APR,7R3D,APR,1,36,,11412,2,2,1
7R59_I5F,7R59,I5F,1,13,,2757,1,6,1
7R6J_2I7,7R6J,2I7,1,33,,12146,2,153,4
7R7R_AWJ,7R7R,AWJ,1,33,,2276,1,0,0
7R9N_F97,7R9N,F97,1,31,,4557,2,16,2
7RC3_SAH,7RC3,SAH,1,26,,2874,1,45,5
7REE_4LY,7REE,4LY,0,42,,2393,1,0,0
7RH3_59O,7RH3,59O,1,34,,1109,1,1,1
7RH8_UTP,7RH8,UTP,0,29,,1672,1,0,0
7RKW_5TV,7RKW,5TV,1,25,,3600,1,49,2
7RNI_60I,7RNI,60I,1,31,,11562,2,29,5
7ROR_69X,7ROR,69X,1,35,,5851,2,32,3
7ROU_66I,7ROU,66I,1,39,,2677,1,35,1
7RPZ_6IC,7RPZ,6IC,0,44,,1370,1,1,1
7RSV_7IQ,7RSV,7IQ,1,20,,8520,2,31,2
7RUI_7QZ,7RUI,7QZ,0,51,,1065,1,0,0
7RWO_7WN,7RWO,7WN,0,20,,983,1,8,1
7RWS_4UR,7RWS,4UR,1,45,,2072,1,0,0
7RZL_NPO,7RZL,NPO,1,10,,3542,2,88,4
7S45_ACO,7S45,ACO,0,51,,1071,1,50,3
7S9H_7PP,7S9H,7PP,0,29,,3276,1,1,1
7SCW_GSP,7SCW,GSP,1,32,,4056,2,1,1
7SDD_4IP,7SDD,4IP,1,28,,4578,1,0,0
7SED_8VD,7SED,8VD,0,17,,3538,1,3,1
7SFO_98L,7SFO,98L,1,25,,3633,4,0,0
7SGV_L30,7SGV,L30,0,19,,2452,1,5,2
7SIU_9ID,7SIU,9ID,1,31,,4541,2,5,1
7SNE_9XR,7SNE,9XR,0,45,,10984,4,0,0
7SSM_B7L,7SSM,B7L,0,25,,1293,1,0,0
7SUC_COM,7SUC,COM,1,7,,37646,6,183,4
7SZA_DUI,7SZA,DUI,1,20,,6244,4,26,1
7T0D_FPP,7T0D,FPP,1,24,,6375,2,364,5
7T0U_E3I,7T0U,E3I,0,48,,7915,4,50,4
7T1D_E7K,7T1D,E7K,1,34,,4701,2,58,4
7T2I_E9F,7T2I,E9F,0,29,,2018,1,16,2
7T3E_SLB,7T3E,SLB,1,21,,9477,2,10,1
7T3F_EM0,7T3F,EM0,0,24,,1060,1,18,1
7T9O_GEI,7T9O,GEI,0,41,,1045,1,29,2
7TB0_UD1,7TB0,UD1,1,39,,12721,4,49,4
7TBU_S3P,7TBU,S3P,1,16,,6591,2,16,1
7TE8_P0T,7TE8,P0T,1,23,,3708,4,0,0
7TH4_FFO,7TH4,FFO,1,34,,9214,2,113,3
7THI_PGA,7THI,PGA,1,9,,8283,2,0,0
7TM6_GPJ,7TM6,GPJ,1,10,,6432,2,74,2
7TOM_5AD,7TOM,5AD,1,18,,3968,1,114,4
7TS6_KMI,7TS6,KMI,1,17,,13563,4,272,4
7TSF_H4B,7TSF,H4B,1,17,,6682,2,133,4
7TUO_KL9,7TUO,KL9,1,30,,2630,1,1,1
7TWC_CXS,7TWC,CXS,0,14,,3310,1,49,4
7TXK_LW8,7TXK,LW8,1,15,,8525,2,43,3
7TXP_0FX,7TXP,0FX,0,35,,1556,1,2,1
7TYP_KUR,7TYP,KUR,1,37,,3238,2,8,1
7U0U_FK5,7U0U,FK5,1,57,,2341,2,22,3
7U3J_L6U,7U3J,L6U,1,38,,2556,1,27,1
7UAS_MBU,7UAS,MBU,1,40,,4627,2,0,0
7UAW_MF6,7UAW,MF6,1,35,,2006,2,0,0
7UEY_N0R,7UEY,N0R,0,27,,2717,1,80,3
7UF2_5SP,7UF2,5SP,0,14,,3180,1,21,2
7UJ4_OQ4,7UJ4,OQ4,1,44,,7062,2,4,1
7UJ5_DGL,7UJ5,DGL,1,10,,15692,4,55,1
7UJF_R3V,7UJF,R3V,1,32,,7393,4,0,0
7ULC_56B,7ULC,56B,1,33,,5027,2,7,1
7UMV_NUU,7UMV,NUU,0,22,,1212,1,4,1
7UMW_NAD,7UMW,NAD,1,44,,3829,2,60,1
7UP3_NZ0,7UP3,NZ0,0,23,,3381,2,23,3
7UQ3_O2U,7UQ3,O2U,1,12,,3641,1,29,2
7USH_82V,7USH,82V,1,26,,915,1,20,1
7UTW_NAI,7UTW,NAI,1,44,,5570,2,22,3
7UXS_OJC,7UXS,OJC,1,35,,6209,2,32,2
7UY4_SMI,7UY4,SMI,1,24,,3991,2,66,2
7UYB_OK0,7UYB,OK0,1,31,,1719,1,2,1
7V14_ORU,7V14,ORU,1,35,,1875,1,13,1
7V3N_AKG,7V3N,AKG,1,10,,2541,1,26,3
7V3S_5I9,7V3S,5I9,1,38,,2203,1,0,0
7V43_C4O,7V43,C4O,1,8,,3424,1,54,3
7V8Z_5YH,7V8Z,5YH,0,25,,3820,1,0,0
7VB8_STL,7VB8,STL,1,17,,5622,2,195,5
7VBU_6I4,7VBU,6I4,1,17,,2727,1,21,3
7VC5_9SF,7VC5,9SF,1,22,,3888,1,78,4
7VJT_7IJ,7VJT,7IJ,0,27,,4264,2,0,0
7VKZ_NOJ,7VKZ,NOJ,1,11,,11626,2,2,1
7VQ9_ISY,7VQ9,ISY,1,14,,3353,2,70,3
7VWF_K55,7VWF,K55,1,33,,4169,2,38,1
7VYJ_CA0,7VYJ,CA0,1,26,,10423,2,114,6
7W05_GMP,7W05,GMP,1,20,,1397,1,7,1
7W06_ITN,7W06,ITN,1,9,,1573,1,6,2
7W6F_8I6,7W6F,8I6,0,20,,3419,2,6,1
7WCF_ACP,7WCF,ACP,1,31,,2605,1,2,1
7WDT_NGS,7WDT,NGS,1,19,,6239,1,20,2
7WJB_BGC,7WJB,BGC,1,12,,5991,1,32,1
7WKL_CAQ,7WKL,CAQ,1,8,,11020,4,24,2
7WL4_JFU,7WL4,JFU,1,34,,4266,4,0,0
7WN5_JGL,7WN5,JGL,0,37,,1931,2,21,2
7WPW_F15,7WPW,F15,1,17,,1041,1,32,2
7WQQ_5Z6,7WQQ,5Z6,1,27,,3841,2,0,0
7WUX_6OI,7WUX,6OI,1,17,,16069,4,60,4
7WUY_76N,7WUY,76N,1,30,,6124,2,273,6
7WY1_D0L,7WY1,D0L,1,26,,7328,2,116,3
7X5N_5M5,7X5N,5M5,1,30,,6241,2,44,1
7X9K_8OG,7X9K,8OG,1,24,,1055,1,30,5
7XBV_APC,7XBV,APC,1,31,,3170,1,5,1
7XEK_9YX,7XEK,9YX,0,22,,3225,1,101,4
7XFA_D9J,7XFA,D9J,1,41,,1108,1,0,0
7XG5_PLP,7XG5,PLP,1,16,,4987,2,0,0
7XI7_4RI,7XI7,4RI,1,20,,1502,1,15,1
7XIJ_EJ3,7XIJ,EJ3,0,33,,1103,1,16,2
7XJN_NSD,7XJN,NSD,1,9,,10275,4,45,2
7XPO_UPG,7XPO,UPG,1,36,,5238,2,104,2
7XQZ_FPF,7XQZ,FPF,1,25,,3709,1,2,1
7XRL_FWK,7XRL,FWK,1,19,,13335,6,198,5
7YZU_DO7,7YZU,DO7,1,16,,5792,1,0,0
7Z1Q_NIO,7Z1Q,NIO,1,9,,1506,1,33,2
7Z2O_IAJ,7Z2O,IAJ,1,14,,3190,2,4,1
7Z7F_IF3,7Z7F,IF3,1,14,,2339,2,37,3
7ZCC_OGA,7ZCC,OGA,1,10,,19892,4,181,3
7ZDY_6MJ,7ZDY,6MJ,1,11,,11856,2,32,1
7ZF0_DHR,7ZF0,DHR,1,11,,7216,1,66,1
7ZHP_IQY,7ZHP,IQY,1,27,,2385,1,29,2
7ZL5_IWE,7ZL5,IWE,1,23,,4016,2,6,2
7ZOC_T8E,7ZOC,T8E,1,15,,3064,1,2,2
7ZTL_BCN,7ZTL,BCN,1,11,,2268,2,60,5
7ZU2_DHT,7ZU2,DHT,1,21,,1981,1,10,1
7ZXV_45D,7ZXV,45D,1,42,,4793,1,1,1
7ZXZ_K9R,7ZXZ,K9R,0,33,,3547,2,7,1
7ZYS_KNR,7ZYS,KNR,0,44,,2771,2,0,0
7ZZB_KGX,7ZZB,KGX,0,51,,2086,1,13,1
7ZZW_KKW,7ZZW,KKW,1,29,,8884,3,281,7
8A1H_DLZ,8A1H,DLZ,1,23,,8228,1,313,7
8A2D_KXY,8A2D,KXY,1,49,,2276,1,16,2
8AAU_LH0,8AAU,LH0,1,27,,2273,1,20,3
8ACL_LQL,8ACL,LQL,0,31,,4588,1,0,0
8AEM_LVF,8AEM,LVF,1,13,,2748,1,55,2
8AEU_M0L,8AEU,M0L,0,41,,720,1,4,1
8AIE_M7L,8AIE,M7L,1,23,,4295,2,22,1
8AIJ_M9I,8AIJ,M9I,0,19,,3286,4,24,2
8AJX_FUM,8AJX,FUM,0,8,,1881,1,35,2
8AP0_PRP,8AP0,PRP,1,22,,2513,1,26,4
8AQL_PLG,8AQL,PLG,1,20,,14213,4,32,1
8AUH_L9I,8AUH,L9I,1,11,,5622,2,101,3
8AY3_OE3,8AY3,OE3,1,25,,3809,2,24,3
8B8H_OJQ,8B8H,OJQ,1,22,,10688,2,47,4
8BN6_R53,8BN6,R53,0,29,,1610,1,2,1
8BOM_QU6,8BOM,QU6,1,35,,4291,1,0,0
8BPL_CP,8BPL,CP,0,8,,4987,1,89,2
8BRO_R7E,8BRO,R7E,0,26,,955,1,0,0
8BTI_RFO,8BTI,RFO,1,15,,2785,1,75,4
8C3N_ADP,8C3N,ADP,1,27,,1871,2,12,2
8C5D_GTB,8C5D,GTB,0,30,,6621,2,36,4
8C5M_MTA,8C5M,MTA,1,20,,3212,2,214,3
8C7Y_TXV,8C7Y,TXV,0,34,,4261,2,80,2
8CGC_LMR,8CGC,LMR,0,9,,2462,1,33,2
8CI0_8EL,8CI0,8EL,0,26,,15246,3,78,3
8CNH_V6U,8CNH,V6U,1,25,,7123,1,135,3
8CSD_C5P,8CSD,C5P,1,21,,12302,2,35,3
8D19_GSH,8D19,GSH,1,20,,6406,2,2,1
8D39_QDB,8D39,QDB,1,17,,3021,1,46,3
8D5D_5DK,8D5D,5DK,1,27,,14312,2,99,3
8DHG_T78,8DHG,T78,1,35,,2741,1,66,5
8DKO_TFB,8DKO,TFB,1,8,,5825,2,106,1
8DP2_UMA,8DP2,UMA,1,49,,3374,1,55,6
8DSC_NCA,8DSC,NCA,1,9,,7498,2,32,4
8DW5_FQ7,8DW5,FQ7,0,18,,892,1,0,0
8DZT_G4P,8DZT,G4P,0,36,,2582,2,6,2
8E77_ULP,8E77,ULP,0,55,,2776,1,26,2
8EAB_VN2,8EAB,VN2,1,49,,1923,2,14,1
8EAD_UY0,8EAD,UY0,0,38,,2109,1,14,1
8ERS_WQO,8ERS,WQO,0,23,,5107,2,0,0
8EX2_Q2Q,8EX2,Q2Q,1,26,,4346,1,34,2
8EXL_799,8EXL,799,1,34,,7092,1,0,0
8EYE_X4I,8EYE,X4I,1,33,,7219,1,57,4
8F4J_PHO,8F4J,PHO,1,64,,41600,40,8290,14
8F8E_XJI,8F8E,XJI,1,29,,4620,2,13,1
8FAV_4Y5,8FAV,4Y5,1,33,,4052,2,73,2
8FLN_Y7W,8FLN,Y7W,0,34,,2077,1,31,3
8FLV_ZB9,8FLV,ZB9,1,29,,2116,1,19,2
8FO5_Y4U,8FO5,Y4U,1,17,,6310,4,20,1
8FV9_80J,8FV9,80J,0,29,,8312,2,28,1
8G0V_YHT,8G0V,YHT,1,26,,15395,3,17,2
8G43_ZU6,8G43,ZU6,0,21,,771,1,3,1
8G6P_API,8G6P,API,1,13,,3708,1,90,3
8GFD_ZHR,8GFD,ZHR,1,26,,4242,1,25,2
8H0M_2EH,8H0M,2EH,0,9,,3043,1,62,2
8HFN_XGC,8HFN,XGC,1,24,,3192,1,3,2
8HO0_3ZI,8HO0,3ZI,1,22,,3009,1,44,2
8SLG_G5A,8SLG,G5A,1,27,,7072,2,22,3
