complex_id,vina_rank,vina_total,vina_inter,vina_intra,vina_torsion,vina_intra_best,rmsd,near_native,geo_n_contacts,geo_n_contacts_per_heavy,geo_buried_fraction,geo_min_dist,geo_mean_min_dist,geo_n_close_lt_2p5,geo_centroid_offset,geo_radius_gyration,cons_n_within_2A,cons_mean_rmsd_to_others,cons_rmsd_to_top1,plf_HBDonor,plf_HBAcceptor,plf_Hydrophobic,plf_PiStacking,plf_Cationic,plf_Anionic,plf_CationPi,plf_PiCation,plf_XBDonor,plf_VdWContact,plf_total,lig_MolWt,lig_HeavyAtomCount,lig_NumHDonors,lig_NumHAcceptors,lig_NumRotatableBonds,lig_RingCount,lig_NumAromaticRings,lig_NumAliphaticRings,lig_NumSaturatedRings,lig_NumHeteroatoms,lig_FractionCSP3,lig_NHOHCount,lig_NOCount,lig_MolLogP,lig_MolMR,lig_TPSA,lig_LabuteASA,lig_NumAmideBonds,lig_NumSpiroAtoms,lig_NumBridgeheadAtoms,lig_NumAtomStereoCenters,lig_Chi0v,lig_Chi1v,lig_Chi2v,lig_Kappa1,lig_Kappa2,lig_Kappa3,lig_HallKierAlpha,lig_BalabanJ,lig_BertzCT,lig_MaxPartialCharge,lig_MinPartialCharge,lig_NumValenceElectrons,lig_NumRadicalElectrons,lig_FormalCharge,lig_NumHalogens,lig_NumSulfur,lig_NumPhosphorus,lig_fr_COO,lig_fr_NH2,vina_rank_frac,vina_delta_to_best,vina_total_per_heavy
7D5C_GV6,1,-10.15,-16.974,-1.181,6.824,-1.181,0.3707,1,115.0,3.7096774193548394,0.967741935483871,2.6908693762425564,3.583594206485332,0.0,0.1807965206907036,4.255649607973861,0,6.04088152190646,0.0,1.0,4.0,1.0,0.0,0.0,0.0,0.0,0.0,0.0,28.0,34.0,460.3840000000001,31.0,5.0,12.0,8.0,3.0,2.0,1.0,1.0,15.0,0.625,7.0,14.0,-0.9386999999999988,104.95870000000002,218.16,176.31392672016773,0.0,0.0,0.0,7.0,17.70109366158825,10.958285604755444,8.59308996948786,23.472634667293683,9.12257273205928,4.8490818044902815,-2.19,1.6556011817995795,988.169366085958,0.5292578980986473,-0.3874194695649267,172.0,0.0,0.0,0.0,0.0,1.0,0.0,2.0,0.0,0.0,-0.3274193548387097
7D5C_GV6,2,-9.708,-15.326,-2.09,6.527,-1.181,4.9068,0,94.0,3.032258064516129,1.0,2.877173265550757,3.503518661079052,0.0,0.5220190700245555,3.7403971662777247,0,6.219178511210044,4.819526770370985,2.0,1.0,1.0,0.0,0.0,0.0,0.0,0.0,0.0,39.0,43.0,460.3840000000001,31.0,5.0,12.0,8.0,3.0,2.0,1.0,1.0,15.0,0.625,7.0,14.0,-0.9386999999999988,104.95870000000002,218.16,176.31392672016773,0.0,0.0,0.0,7.0,17.70109366158825,10.958285604755444,8.59308996948786,23.472634667293683,9.12257273205928,4.8490818044902815,-2.19,1.6556011817995795,988.169366085958,0.5292578980986473,-0.3874194695649267,172.0,0.0,0.0,0.0,0.0,1.0,0.0,2.0,0.0526315789473684,0.4420000000000001,-0.3131612903225806
7D5C_GV6,3,-9.544,-15.126,-2.015,6.416,-1.181,5.8094,0,81.0,2.6129032258064515,1.0,2.8914997838492047,3.637546427086156,0.0,2.1333015091224428,3.967464762151996,0,5.708137518487674,5.730754296464961,2.0,1.0,2.0,0.0,0.0,0.0,0.0,0.0,0.0,24.0,29.0,460.3840000000001,31.0,5.0,12.0,8.0,3.0,2.0,1.0,1.0,15.0,0.625,7.0,14.0,-0.9386999999999988,104.95870000000002,218.16,176.31392672016773,0.0,0.0,0.0,7.0,17.70109366158825,10.958285604755444,8.59308996948786,23.472634667293683,9.12257273205928,4.8490818044902815,-2.19,1.6556011817995795,988.169366085958,0.5292578980986473,-0.3874194695649267,172.0,0.0,0.0,0.0,0.0,1.0,0.0,2.0,0.1052631578947368,0.6059999999999999,-0.3078709677419355
7D5C_GV6,4,-9.381,-15.479,-1.389,6.307,-1.181,3.2616,0,103.0,3.3225806451612905,1.0,2.659175436107967,3.562288088089806,0.0,0.774600357500397,4.386294511797489,0,6.142245980794389,3.2101832477089163,2.0,2.0,2.0,0.0,0.0,0.0,0.0,0.0,0.0,34.0,40.0,460.3840000000001,31.0,5.0,12.0,8.0,3.0,2.0,1.0,1.0,15.0,0.625,7.0,14.0,-0.9386999999999988,104.95870000000002,218.16,176.31392672016773,0.0,0.0,0.0,7.0,17.70109366158825,10.958285604755444,8.59308996948786,23.472634667293683,9.12257273205928,4.8490818044902815,-2.19,1.6556011817995795,988.169366085958,0.5292578980986473,-0.3874194695649267,172.0,0.0,0.0,0.0,0.0,1.0,0.0,2.0,0.1578947368421052,0.7690000000000001,-0.3026129032258065
7D5C_GV6,5,-9.329,-15.816,-0.966,6.272,-1.181,3.7505,0,105.0,3.3870967741935485,1.0,2.7990737753764194,3.517695145678166,0.0,0.413744114771199,4.115086002441771,0,6.0793218448471205,3.67549186087452,1.0,2.0,2.0,0.0,0.0,0.0,0.0,0.0,0.0,30.0,35.0,460.3840000000001,31.0,5.0,12.0,8.0,3.0,2.0,1.0,1.0,15.0,0.625,7.0,14.0,-0.9386999999999988,104.95870000000002,218.16,176.31392672016773,0.0,0.0,0.0,7.0,17.70109366158825,10.958285604755444,8.59308996948786,23.472634667293683,9.12257273205928,4.8490818044902815,-2.19,1.6556011817995795,988.169366085958,0.5292578980986473,-0.3874194695649267,172.0,0.0,0.0,0.0,0.0,1.0,0.0,2.0,0.2105263157894736,0.8209999999999997,-0.3009354838709677
7D5C_GV6,6,-8.853,-14.967,-1.02,5.952,-1.181,3.4032,0,80.0,2.5806451612903225,0.967741935483871,2.785624705519392,3.619582867742856,0.0,1.404598908832347,4.373565188000982,0,6.314952201300765,3.3290257365840104,1.0,1.0,2.0,0.0,0.0,0.0,0.0,0.0,0.0,29.0,33.0,460.3840000000001,31.0,5.0,12.0,8.0,3.0,2.0,1.0,1.0,15.0,0.625,7.0,14.0,-0.9386999999999988,104.95870000000002,218.16,176.31392672016773,0.0,0.0,0.0,7.0,17.70109366158825,10.958285604755444,8.59308996948786,23.472634667293683,9.12257273205928,4.8490818044902815,-2.19,1.6556011817995795,988.169366085958,0.5292578980986473,-0.3874194695649267,172.0,0.0,0.0,0.0,0.0,1.0,0.0,2.0,0.2631578947368421,1.2970000000000006,-0.2855806451612903
7D5C_GV6,7,-8.712,-14.349,-1.401,5.857,-1.181,3.44,0,75.0,2.419354838709677,1.0,2.881608058012054,3.4934740772346258,0.0,0.7113813064477906,4.310264559434897,0,6.287464572974019,3.306262464456046,1.0,2.0,1.0,0.0,0.0,0.0,0.0,0.0,0.0,35.0,39.0,460.3840000000001,31.0,5.0,12.0,8.0,3.0,2.0,1.0,1.0,15.0,0.625,7.0,14.0,-0.9386999999999988,104.95870000000002,218.16,176.31392672016773,0.0,0.0,0.0,7.0,17.70109366158825,10.958285604755444,8.59308996948786,23.472634667293683,9.12257273205928,4.8490818044902815,-2.19,1.6556011817995795,988.169366085958,0.5292578980986473,-0.3874194695649267,172.0,0.0,0.0,0.0,0.0,1.0,0.0,2.0,0.3157894736842105,1.4380000000000006,-0.2810322580645161
7D5C_GV6,8,-8.654,-13.958,-1.695,5.818,-1.181,3.8984,0,77.0,2.4838709677419355,1.0,2.8211538419589943,3.5017600652195755,0.0,1.3312432657761306,3.931209977024215,0,6.013803871551766,3.777794441034302,0.0,2.0,0.0,0.0,0.0,0.0,0.0,0.0,0.0,27.0,29.0,460.3840000000001,31.0,5.0,12.0,8.0,3.0,2.0,1.0,1.0,15.0,0.625,7.0,14.0,-0.9386999999999988,104.95870000000002,218.16,176.31392672016773,0.0,0.0,0.0,7.0,17.70109366158825,10.958285604755444,8.59308996948786,23.472634667293683,9.12257273205928,4.8490818044902815,-2.19,1.6556011817995795,988.169366085958,0.5292578980986473,-0.3874194695649267,172.0,0.0,0.0,0.0,0.0,1.0,0.0,2.0,0.3684210526315789,1.4960000000000004,-0.2791612903225806
7D5C_GV6,9,-8.632,-14.199,-1.417,5.803,-1.181,3.6981,0,83.0,2.677419354838709,1.0,2.788526133999824,3.5624021409281057,0.0,1.3442279108762691,4.065802150876606,0,5.9941479687443815,3.702220031452792,1.0,0.0,0.0,0.0,0.0,0.0,0.0,0.0,0.0,36.0,37.0,460.3840000000001,31.0,5.0,12.0,8.0,3.0,2.0,1.0,1.0,15.0,0.625,7.0,14.0,-0.9386999999999988,104.95870000000002,218.16,176.31392672016773,0.0,0.0,0.0,7.0,17.70109366158825,10.958285604755444,8.59308996948786,23.472634667293683,9.12257273205928,4.8490818044902815,-2.19,1.6556011817995795,988.169366085958,0.5292578980986473,-0.3874194695649267,172.0,0.0,0.0,0.0,0.0,1.0,0.0,2.0,0.4210526315789473,1.518000000000001,-0.2784516129032258
7D5C_GV6,10,-8.598,-14.157,-1.402,5.78,-1.181,8.1946,0,85.0,2.7419354838709675,1.0,2.8192786311395337,3.527906518080591,0.0,2.3201961150917887,4.557221152486929,0,5.925365960468227,8.079648734779214,1.0,2.0,0.0,0.0,0.0,0.0,0.0,0.0,0.0,26.0,29.0,460.3840000000001,31.0,5.0,12.0,8.0,3.0,2.0,1.0,1.0,15.0,0.625,7.0,14.0,-0.9386999999999988,104.95870000000002,218.16,176.31392672016773,0.0,0.0,0.0,7.0,17.70109366158825,10.958285604755444,8.59308996948786,23.472634667293683,9.12257273205928,4.8490818044902815,-2.19,1.6556011817995795,988.169366085958,0.5292578980986473,-0.3874194695649267,172.0,0.0,0.0,0.0,0.0,1.0,0.0,2.0,0.4736842105263157,1.5519999999999996,-0.2773548387096774
7D5C_GV6,11,-8.518,-14.259,-1.166,5.727,-1.181,7.8225,0,91.0,2.935483870967742,1.0,2.858524444534277,3.563235278925901,0.0,1.220599675634137,4.239968777985688,0,5.786350520584674,7.731028473499792,0.0,0.0,1.0,0.0,0.0,0.0,0.0,0.0,0.0,23.0,24.0,460.3840000000001,31.0,5.0,12.0,8.0,3.0,2.0,1.0,1.0,15.0,0.625,7.0,14.0,-0.9386999999999988,104.95870000000002,218.16,176.31392672016773,0.0,0.0,0.0,7.0,17.70109366158825,10.958285604755444,8.59308996948786,23.472634667293683,9.12257273205928,4.8490818044902815,-2.19,1.6556011817995795,988.169366085958,0.5292578980986473,-0.3874194695649267,172.0,0.0,0.0,0.0,0.0,1.0,0.0,2.0,0.5263157894736842,1.6319999999999997,-0.2747741935483871
7D5C_GV6,12,-8.375,-14.004,-1.183,5.631,-1.181,8.4449,0,103.0,3.3225806451612905,1.0,2.825833859235181,3.498743287058917,0.0,1.1371754573554804,4.685789400065798,0,6.181652899331766,8.292401562721102,3.0,1.0,0.0,0.0,0.0,0.0,0.0,0.0,0.0,36.0,40.0,460.3840000000001,31.0,5.0,12.0,8.0,3.0,2.0,1.0,1.0,15.0,0.625,7.0,14.0,-0.9386999999999988,104.95870000000002,218.16,176.31392672016773,0.0,0.0,0.0,7.0,17.70109366158825,10.958285604755444,8.59308996948786,23.472634667293683,9.12257273205928,4.8490818044902815,-2.19,1.6556011817995795,988.169366085958,0.5292578980986473,-0.3874194695649267,172.0,0.0,0.0,0.0,0.0,1.0,0.0,2.0,0.5789473684210527,1.7750000000000004,-0.2701612903225806
7D5C_GV6,13,-8.338,-13.78,-1.344,5.605,-1.181,8.3518,0,79.0,2.548387096774193,1.0,2.8009359150112667,3.5534745410557167,0.0,1.3056009189738602,4.808986689762209,1,5.8838783097749925,8.257335825524105,0.0,0.0,3.0,0.0,0.0,0.0,0.0,0.0,0.0,21.0,24.0,460.3840000000001,31.0,5.0,12.0,8.0,3.0,2.0,1.0,1.0,15.0,0.625,7.0,14.0,-0.9386999999999988,104.95870000000002,218.16,176.31392672016773,0.0,0.0,0.0,7.0,17.70109366158825,10.958285604755444,8.59308996948786,23.472634667293683,9.12257273205928,4.8490818044902815,-2.19,1.6556011817995795,988.169366085958,0.5292578980986473,-0.3874194695649267,172.0,0.0,0.0,0.0,0.0,1.0,0.0,2.0,0.631578947368421,1.8120000000000007,-0.2689677419354838
7D5C_GV6,14,-8.265,-13.89,-1.112,5.556,-1.181,8.0106,0,66.0,2.129032258064516,1.0,2.7902865444251423,3.5613617709711454,0.0,1.7765925303035908,4.662476143394315,1,5.768510419030916,7.928488004169399,1.0,0.0,2.0,0.0,0.0,0.0,0.0,0.0,0.0,20.0,23.0,460.3840000000001,31.0,5.0,12.0,8.0,3.0,2.0,1.0,1.0,15.0,0.625,7.0,14.0,-0.9386999999999988,104.95870000000002,218.16,176.31392672016773,0.0,0.0,0.0,7.0,17.70109366158825,10.958285604755444,8.59308996948786,23.472634667293683,9.12257273205928,4.8490818044902815,-2.19,1.6556011817995795,988.169366085958,0.5292578980986473,-0.3874194695649267,172.0,0.0,0.0,0.0,0.0,1.0,0.0,2.0,0.6842105263157895,1.885,-0.2666129032258065
7D5C_GV6,15,-8.249,-13.289,-1.686,5.545,-1.181,7.9398,0,96.0,3.096774193548387,1.0,2.668849377540816,3.528284331284948,0.0,0.921735471204278,4.1471841568468175,0,6.116162371037582,7.76636919777376,0.0,1.0,0.0,0.0,0.0,0.0,0.0,0.0,0.0,36.0,37.0,460.3840000000001,31.0,5.0,12.0,8.0,3.0,2.0,1.0,1.0,15.0,0.625,7.0,14.0,-0.9386999999999988,104.95870000000002,218.16,176.31392672016773,0.0,0.0,0.0,7.0,17.70109366158825,10.958285604755444,8.59308996948786,23.472634667293683,9.12257273205928,4.8490818044902815,-2.19,1.6556011817995795,988.169366085958,0.5292578980986473,-0.3874194695649267,172.0,0.0,0.0,0.0,0.0,1.0,0.0,2.0,0.7368421052631579,1.901,-0.2660967741935484
7D5C_GV6,16,-8.241,-14.167,-0.795,5.54,-1.181,7.5576,0,74.0,2.3870967741935485,1.0,2.798907465422893,3.5970290887949017,0.0,3.999292284556767,4.534282476591353,0,6.43936741048145,7.456438099322776,2.0,3.0,1.0,0.0,0.0,0.0,0.0,0.0,0.0,25.0,31.0,460.3840000000001,31.0,5.0,12.0,8.0,3.0,2.0,1.0,1.0,15.0,0.625,7.0,14.0,-0.9386999999999988,104.95870000000002,218.16,176.31392672016773,0.0,0.0,0.0,7.0,17.70109366158825,10.958285604755444,8.59308996948786,23.472634667293683,9.12257273205928,4.8490818044902815,-2.19,1.6556011817995795,988.169366085958,0.5292578980986473,-0.3874194695649267,172.0,0.0,0.0,0.0,0.0,1.0,0.0,2.0,0.7894736842105263,1.9090000000000007,-0.2658387096774193
7D5C_GV6,17,-8.213,-13.456,-1.46,5.522,-1.181,5.9756,0,87.0,2.806451612903226,0.967741935483871,2.8560793056216065,3.571425461189526,0.0,1.325785531582851,3.886062243004304,0,5.540857180507327,5.880698729605784,0.0,1.0,0.0,0.0,0.0,0.0,0.0,0.0,0.0,24.0,25.0,460.3840000000001,31.0,5.0,12.0,8.0,3.0,2.0,1.0,1.0,15.0,0.625,7.0,14.0,-0.9386999999999988,104.95870000000002,218.16,176.31392672016773,0.0,0.0,0.0,7.0,17.70109366158825,10.958285604755444,8.59308996948786,23.472634667293683,9.12257273205928,4.8490818044902815,-2.19,1.6556011817995795,988.169366085958,0.5292578980986473,-0.3874194695649267,172.0,0.0,0.0,0.0,0.0,1.0,0.0,2.0,0.8421052631578947,1.9370000000000007,-0.2649354838709677
7D5C_GV6,18,-8.101,-14.124,-0.604,5.446,-1.181,8.5878,0,89.0,2.870967741935484,1.0,2.7960516804951943,3.4977609759721617,0.0,1.1662289191146815,4.934716475023238,0,5.97345909406632,8.477258104348477,0.0,0.0,3.0,0.0,0.0,0.0,0.0,0.0,0.0,28.0,31.0,460.3840000000001,31.0,5.0,12.0,8.0,3.0,2.0,1.0,1.0,15.0,0.625,7.0,14.0,-0.9386999999999988,104.95870000000002,218.16,176.31392672016773,0.0,0.0,0.0,7.0,17.70109366158825,10.958285604755444,8.59308996948786,23.472634667293683,9.12257273205928,4.8490818044902815,-2.19,1.6556011817995795,988.169366085958,0.5292578980986473,-0.3874194695649267,172.0,0.0,0.0,0.0,0.0,1.0,0.0,2.0,0.8947368421052632,2.0489999999999995,-0.2613225806451613
7D5C_GV6,19,-8.094,-13.954,-0.762,5.441,-1.181,4.5231,0,89.0,2.870967741935484,1.0,2.4652839593036773,3.441908583882189,1.0,2.0453079557159386,4.167625150915469,0,6.19746929217155,4.378422653819967,3.0,2.0,3.0,0.0,0.0,0.0,0.0,0.0,0.0,32.0,40.0,460.3840000000001,31.0,5.0,12.0,8.0,3.0,2.0,1.0,1.0,15.0,0.625,7.0,14.0,-0.9386999999999988,104.95870000000002,218.16,176.31392672016773,0.0,0.0,0.0,7.0,17.70109366158825,10.958285604755444,8.59308996948786,23.472634667293683,9.12257273205928,4.8490818044902815,-2.19,1.6556011817995795,988.169366085958,0.5292578980986473,-0.3874194695649267,172.0,0.0,0.0,0.0,0.0,1.0,0.0,2.0,0.9473684210526316,2.056000000000001,-0.2610967741935484
7D5C_GV6,20,-8.073,-13.87,-0.812,5.428,-1.181,9.1019,0,89.0,2.870967741935484,1.0,2.797269204063132,3.617528649394088,0.0,3.3758525344018016,5.147815705417268,0,6.540257470723666,8.977400681711828,0.0,0.0,4.0,0.0,0.0,0.0,0.0,0.0,0.0,12.0,16.0,460.3840000000001,31.0,5.0,12.0,8.0,3.0,2.0,1.0,1.0,15.0,0.625,7.0,14.0,-0.9386999999999988,104.95870000000002,218.16,176.31392672016773,0.0,0.0,0.0,7.0,17.70109366158825,10.958285604755444,8.59308996948786,23.472634667293683,9.12257273205928,4.8490818044902815,-2.19,1.6556011817995795,988.169366085958,0.5292578980986473,-0.3874194695649267,172.0,0.0,0.0,0.0,0.0,1.0,0.0,2.0,1.0,2.077,-0.2604193548387097
7N03_ZRP,1,-9.77,-14.911,-1.553,5.141,-1.553,1.2352,1,107.0,3.821428571428572,1.0,3.069019061524383,3.546485508543556,0.0,0.2704475811181434,3.81575647791162,0,7.1911819866593305,0.0,2.0,1.0,23.0,0.0,0.0,0.0,0.0,0.0,0.0,30.0,56.0,376.5040000000001,28.0,3.0,4.0,9.0,3.0,3.0,0.0,0.0,5.0,0.3043478260869565,3.0,5.0,5.330200000000004,117.48960000000002,66.05,166.1204554042834,1.0,0.0,0.0,0.0,16.587148214603193,9.933982613339252,6.836388687967812,19.675250822976675,9.73907579823513,4.79581138291142,-3.079999999999999,1.9417332820594435,924.538570791054,0.2542325658073024,-0.3850267285939498,146.0,0.0,0.0,0.0,0.0,0.0,0.0,0.0,0.0,0.0,-0.3489285714285714
7N03_ZRP,2,-9.366,-14.669,-1.178,4.928,-1.553,1.6605,1,99.0,3.5357142857142856,1.0,3.0134163336651643,3.6135530442523063,0.0,0.7096999671462205,4.174553914516386,0,7.2576733809799165,2.1155542586822427,2.0,1.0,21.0,0.0,0.0,0.0,0.0,0.0,0.0,28.0,52.0,376.5040000000001,28.0,3.0,4.0,9.0,3.0,3.0,0.0,0.0,5.0,0.3043478260869565,3.0,5.0,5.330200000000004,117.48960000000002,66.05,166.1204554042834,1.0,0.0,0.0,0.0,16.587148214603193,9.933982613339252,6.836388687967812,19.675250822976675,9.73907579823513,4.79581138291142,-3.079999999999999,1.9417332820594435,924.538570791054,0.2542325658073024,-0.3850267285939498,146.0,0.0,0.0,0.0,0.0,0.0,0.0,0.0,0.0526315789473684,0.4039999999999999,-0.3344999999999999
7N03_ZRP,3,-8.363,-13.565,-0.751,4.4,-1.553,5.5997,0,76.0,2.7142857142857144,1.0,3.1072637480587324,3.721322385475424,0.0,2.762427615175037,4.304036870799794,0,6.633724188592778,5.613776056019945,1.0,0.0,19.0,0.0,0.0,0.0,0.0,0.0,0.0,21.0,41.0,376.5040000000001,28.0,3.0,4.0,9.0,3.0,3.0,0.0,0.0,5.0,0.3043478260869565,3.0,5.0,5.330200000000004,117.48960000000002,66.05,166.1204554042834,1.0,0.0,0.0,0.0,16.587148214603193,9.933982613339252,6.836388687967812,19.675250822976675,9.73907579823513,4.79581138291142,-3.079999999999999,1.9417332820594435,924.538570791054,0.2542325658073024,-0.3850267285939498,146.0,0.0,0.0,0.0,0.0,0.0,0.0,0.0,0.1052631578947368,1.407,-0.2986785714285714
7N03_ZRP,4,-7.779,-11.664,-1.761,4.093,-1.553,5.573,0,60.0,2.142857142857143,0.9642857142857144,3.206935141221289,3.8209286558242743,0.0,3.088895744791963,3.953494860692297,0,6.382003972033706,5.5031875957744445,0.0,0.0,11.0,0.0,0.0,0.0,0.0,0.0,0.0,23.0,34.0,376.5040000000001,28.0,3.0,4.0,9.0,3.0,3.0,0.0,0.0,5.0,0.3043478260869565,3.0,5.0,5.330200000000004,117.48960000000002,66.05,166.1204554042834,1.0,0.0,0.0,0.0,16.587148214603193,9.933982613339252,6.836388687967812,19.675250822976675,9.73907579823513,4.79581138291142,-3.079999999999999,1.9417332820594435,924.538570791054,0.2542325658073024,-0.3850267285939498,146.0,0.0,0.0,0.0,0.0,0.0,0.0,0.0,0.1578947368421052,1.991,-0.2778214285714285
7N03_ZRP,5,-7.664,-11.527,-1.722,4.032,-1.553,7.9464,0,55.0,1.9642857142857144,0.9642857142857144,3.2730649245011936,3.843804931646757,0.0,3.6031433863718334,3.968981304363596,0,5.251105542328602,7.799282670769884,0.0,0.0,14.0,0.0,0.0,0.0,0.0,0.0,0.0,21.0,35.0,376.5040000000001,28.0,3.0,4.0,9.0,3.0,3.0,0.0,0.0,5.0,0.3043478260869565,3.0,5.0,5.330200000000004,117.48960000000002,66.05,166.1204554042834,1.0,0.0,0.0,0.0,16.587148214603193,9.933982613339252,6.836388687967812,19.675250822976675,9.73907579823513,4.79581138291142,-3.079999999999999,1.9417332820594435,924.538570791054,0.2542325658073024,-0.3850267285939498,146.0,0.0,0.0,0.0,0.0,0.0,0.0,0.0,0.2105263157894736,2.106,-0.2737142857142857
7N03_ZRP,6,-7.659,-11.964,-1.278,4.03,-1.553,7.5103,0,70.0,2.5,0.9642857142857144,3.1033937874526947,3.7047911509269897,0.0,1.6556801403171988,4.471573187700184,0,5.935257633893673,7.123954326776668,0.0,0.0,16.0,0.0,0.0,0.0,0.0,0.0,0.0,42.0,58.0,376.5040000000001,28.0,3.0,4.0,9.0,3.0,3.0,0.0,0.0,5.0,0.3043478260869565,3.0,5.0,5.330200000000004,117.48960000000002,66.05,166.1204554042834,1.0,0.0,0.0,0.0,16.587148214603193,9.933982613339252,6.836388687967812,19.675250822976675,9.73907579823513,4.79581138291142,-3.079999999999999,1.9417332820594435,924.538570791054,0.2542325658073024,-0.3850267285939498,146.0,0.0,0.0,0.0,0.0,0.0,0.0,0.0,0.2631578947368421,2.111,-0.2735357142857142
7N03_ZRP,7,-7.649,-11.565,-1.661,4.024,-1.553,8.9364,0,61.0,2.1785714285714284,0.9285714285714286,3.369825811522013,3.782244242271871,0.0,5.05171589837128,4.172279659079845,0,5.87170830416692,8.71976517336169,0.0,0.0,20.0,0.0,0.0,0.0,0.0,0.0,0.0,16.0,36.0,376.5040000000001,28.0,3.0,4.0,9.0,3.0,3.0,0.0,0.0,5.0,0.3043478260869565,3.0,5.0,5.330200000000004,117.48960000000002,66.05,166.1204554042834,1.0,0.0,0.0,0.0,16.587148214603193,9.933982613339252,6.836388687967812,19.675250822976675,9.73907579823513,4.79581138291142,-3.079999999999999,1.9417332820594435,924.538570791054,0.2542325658073024,-0.3850267285939498,146.0,0.0,0.0,0.0,0.0,0.0,0.0,0.0,0.3157894736842105,2.121,-0.2731785714285714
7N03_ZRP,8,-7.449,-11.765,-1.156,3.919,-1.553,5.1092,0,65.0,2.321428571428572,0.8928571428571429,3.121247346815052,3.805886663684979,0.0,2.5592277549156472,4.029993337273573,0,6.616713440838092,4.794234197003134,1.0,0.0,12.0,0.0,0.0,0.0,0.0,0.0,0.0,25.0,38.0,376.5040000000001,28.0,3.0,4.0,9.0,3.0,3.0,0.0,0.0,5.0,0.3043478260869565,3.0,5.0,5.330200000000004,117.48960000000002,66.05,166.1204554042834,1.0,0.0,0.0,0.0,16.587148214603193,9.933982613339252,6.836388687967812,19.675250822976675,9.73907579823513,4.79581138291142,-3.079999999999999,1.9417332820594435,924.538570791054,0.2542325658073024,-0.3850267285939498,146.0,0.0,0.0,0.0,0.0,0.0,0.0,0.0,0.3684210526315789,2.321,-0.2660357142857142
7N03_ZRP,9,-7.387,-11.044,-1.784,3.887,-1.553,6.9176,0,62.0,2.2142857142857144,0.9285714285714286,3.112428312427454,3.767699617518356,0.0,5.152010466501285,4.000064715037721,0,6.838716819484731,6.805607071168805,0.0,0.0,21.0,0.0,0.0,0.0,0.0,0.0,0.0,19.0,40.0,376.5040000000001,28.0,3.0,4.0,9.0,3.0,3.0,0.0,0.0,5.0,0.3043478260869565,3.0,5.0,5.330200000000004,117.48960000000002,66.05,166.1204554042834,1.0,0.0,0.0,0.0,16.587148214603193,9.933982613339252,6.836388687967812,19.675250822976675,9.73907579823513,4.79581138291142,-3.079999999999999,1.9417332820594435,924.538570791054,0.2542325658073024,-0.3850267285939498,146.0,0.0,0.0,0.0,0.0,0.0,0.0,0.0,0.4210526315789473,2.383,-0.2638214285714285
7N03_ZRP,10,-7.357,-11.412,-1.37,3.871,-1.553,8.6183,0,60.0,2.142857142857143,0.9642857142857144,2.988430189915769,3.766466747017225,0.0,4.928493737612309,4.394912905007566,0,5.801801572360022,8.391020391721481,2.0,1.0,9.0,0.0,0.0,0.0,0.0,0.0,0.0,28.0,40.0,376.5040000000001,28.0,3.0,4.0,9.0,3.0,3.0,0.0,0.0,5.0,0.3043478260869565,3.0,5.0,5.330200000000004,117.48960000000002,66.05,166.1204554042834,1.0,0.0,0.0,0.0,16.587148214603193,9.933982613339252,6.836388687967812,19.675250822976675,9.73907579823513,4.79581138291142,-3.079999999999999,1.9417332820594435,924.538570791054,0.2542325658073024,-0.3850267285939498,146.0,0.0,0.0,0.0,0.0,0.0,0.0,0.0,0.4736842105263157,2.413,-0.26275
7N03_ZRP,11,-6.926,-10.764,-1.36,3.644,-1.553,10.149,0,49.0,1.75,0.8571428571428571,2.955484562639433,3.937548843810464,0.0,6.445587089320914,4.200406613274093,0,6.654888349697058,9.877529836885913,1.0,0.0,23.0,0.0,0.0,0.0,0.0,0.0,0.0,22.0,46.0,376.5040000000001,28.0,3.0,4.0,9.0,3.0,3.0,0.0,0.0,5.0,0.3043478260869565,3.0,5.0,5.330200000000004,117.48960000000002,66.05,166.1204554042834,1.0,0.0,0.0,0.0,16.587148214603193,9.933982613339252,6.836388687967812,19.675250822976675,9.73907579823513,4.79581138291142,-3.079999999999999,1.9417332820594435,924.538570791054,0.2542325658073024,-0.3850267285939498,146.0,0.0,0.0,0.0,0.0,0.0,0.0,0.0,0.5263157894736842,2.8439999999999994,-0.2473571428571428
7N03_ZRP,12,-6.899,-10.582,-1.5,3.63,-1.553,7.5682,0,58.0,2.071428571428572,0.9285714285714286,3.40941901208989,3.793653918306023,0.0,4.074499985756351,3.873035655335489,1,5.457825202738252,7.325382276714301,0.0,0.0,9.0,0.0,0.0,0.0,0.0,0.0,0.0,19.0,28.0,376.5040000000001,28.0,3.0,4.0,9.0,3.0,3.0,0.0,0.0,5.0,0.3043478260869565,3.0,5.0,5.330200000000004,117.48960000000002,66.05,166.1204554042834,1.0,0.0,0.0,0.0,16.587148214603193,9.933982613339252,6.836388687967812,19.675250822976675,9.73907579823513,4.79581138291142,-3.079999999999999,1.9417332820594435,924.538570791054,0.2542325658073024,-0.3850267285939498,146.0,0.0,0.0,0.0,0.0,0.0,0.0,0.0,0.5789473684210527,2.871,-0.2463928571428571
7N03_ZRP,13,-6.897,-9.869,-2.211,3.629,-1.553,7.9585,0,42.0,1.5,0.8928571428571429,3.1255381936556144,3.8108003039527225,0.0,4.1882812306591655,3.889090824350984,0,5.075887200167703,7.7749666099420836,0.0,0.0,11.0,0.0,0.0,0.0,0.0,0.0,0.0,22.0,33.0,376.5040000000001,28.0,3.0,4.0,9.0,3.0,3.0,0.0,0.0,5.0,0.3043478260869565,3.0,5.0,5.330200000000004,117.48960000000002,66.05,166.1204554042834,1.0,0.0,0.0,0.0,16.587148214603193,9.933982613339252,6.836388687967812,19.675250822976675,9.73907579823513,4.79581138291142,-3.079999999999999,1.9417332820594435,924.538570791054,0.2542325658073024,-0.3850267285939498,146.0,0.0,0.0,0.0,0.0,0.0,0.0,0.0,0.631578947368421,2.8729999999999998,-0.2463214285714285
7N03_ZRP,14,-6.855,-10.516,-1.499,3.607,-1.553,7.4819,0,63.0,2.25,1.0,3.1909142890400557,3.650828294022457,0.0,2.692621153926309,4.094619557593669,0,5.56912156798462,7.071512686729156,0.0,0.0,7.0,0.0,0.0,0.0,0.0,0.0,0.0,32.0,39.0,376.5040000000001,28.0,3.0,4.0,9.0,3.0,3.0,0.0,0.0,5.0,0.3043478260869565,3.0,5.0,5.330200000000004,117.48960000000002,66.05,166.1204554042834,1.0,0.0,0.0,0.0,16.587148214603193,9.933982613339252,6.836388687967812,19.675250822976675,9.73907579823513,4.79581138291142,-3.079999999999999,1.9417332820594435,924.538570791054,0.2542325658073024,-0.3850267285939498,146.0,0.0,0.0,0.0,0.0,0.0,0.0,0.0,0.6842105263157895,2.914999999999999,-0.2448214285714285
7N03_ZRP,15,-6.701,-9.927,-1.854,3.526,-1.553,5.4841,0,62.0,2.2142857142857144,0.9642857142857144,3.0007234127789912,3.661100399327126,0.0,2.963704718665274,3.6801654880090178,0,6.454893794524256,5.429318853621116,0.0,0.0,10.0,0.0,0.0,0.0,0.0,0.0,0.0,28.0,38.0,376.5040000000001,28.0,3.0,4.0,9.0,3.0,3.0,0.0,0.0,5.0,0.3043478260869565,3.0,5.0,5.330200000000004,117.48960000000002,66.05,166.1204554042834,1.0,0.0,0.0,0.0,16.587148214603193,9.933982613339252,6.836388687967812,19.675250822976675,9.73907579823513,4.79581138291142,-3.079999999999999,1.9417332820594435,924.538570791054,0.2542325658073024,-0.3850267285939498,146.0,0.0,0.0,0.0,0.0,0.0,0.0,0.0,0.7368421052631579,3.069,-0.2393214285714285
7N03_ZRP,16,-6.585,-10.714,-0.889,3.465,-1.553,7.7247,0,62.0,2.2142857142857144,0.9285714285714286,2.9541435307039507,3.727069677291992,0.0,3.5637515562026403,4.055165914689961,1,5.403994138808707,7.3789599489746145,0.0,1.0,15.0,0.0,0.0,0.0,0.0,0.0,0.0,29.0,45.0,376.5040000000001,28.0,3.0,4.0,9.0,3.0,3.0,0.0,0.0,5.0,0.3043478260869565,3.0,5.0,5.330200000000004,117.48960000000002,66.05,166.1204554042834,1.0,0.0,0.0,0.0,16.587148214603193,9.933982613339252,6.836388687967812,19.675250822976675,9.73907579823513,4.79581138291142,-3.079999999999999,1.9417332820594435,924.538570791054,0.2542325658073024,-0.3850267285939498,146.0,0.0,0.0,0.0,0.0,0.0,0.0,0.0,0.7894736842105263,3.185,-0.2351785714285714
7N03_ZRP,17,-6.552,-9.691,-1.862,3.447,-1.553,8.8999,0,48.0,1.7142857142857142,0.9642857142857144,3.10973777029511,3.806134919767888,0.0,5.565344203604291,4.090213315566406,0,5.955840911034115,8.637045226812235,1.0,0.0,10.0,0.0,0.0,0.0,0.0,0.0,0.0,27.0,38.0,376.5040000000001,28.0,3.0,4.0,9.0,3.0,3.0,0.0,0.0,5.0,0.3043478260869565,3.0,5.0,5.330200000000004,117.48960000000002,66.05,166.1204554042834,1.0,0.0,0.0,0.0,16.587148214603193,9.933982613339252,6.836388687967812,19.675250822976675,9.73907579823513,4.79581138291142,-3.079999999999999,1.9417332820594435,924.538570791054,0.2542325658073024,-0.3850267285939498,146.0,0.0,0.0,0.0,0.0,0.0,0.0,0.0,0.8421052631578947,3.218,-0.2339999999999999
7N03_ZRP,18,-6.508,-10.178,-1.307,3.424,-1.553,9.173,0,41.0,1.4642857142857142,0.7857142857142857,3.036557919750587,3.989466658563587,0.0,4.9959276959707255,4.222273620700253,0,5.347711809238478,8.952340693520169,1.0,0.0,11.0,0.0,0.0,0.0,0.0,0.0,0.0,14.0,26.0,376.5040000000001,28.0,3.0,4.0,9.0,3.0,3.0,0.0,0.0,5.0,0.3043478260869565,3.0,5.0,5.330200000000004,117.48960000000002,66.05,166.1204554042834,1.0,0.0,0.0,0.0,16.587148214603193,9.933982613339252,6.836388687967812,19.675250822976675,9.73907579823513,4.79581138291142,-3.079999999999999,1.9417332820594435,924.538570791054,0.2542325658073024,-0.3850267285939498,146.0,0.0,0.0,0.0,0.0,0.0,0.0,0.0,0.8947368421052632,3.262,-0.2324285714285714
7N03_ZRP,19,-6.469,-10.094,-1.331,3.403,-1.553,8.6657,0,40.0,1.4285714285714286,0.9285714285714286,2.800747400248727,3.8954320236285898,0.0,4.802123819180936,4.085439109583233,0,5.320740356960867,8.502661772309052,0.0,0.0,10.0,0.0,0.0,0.0,0.0,0.0,0.0,17.0,27.0,376.5040000000001,28.0,3.0,4.0,9.0,3.0,3.0,0.0,0.0,5.0,0.3043478260869565,3.0,5.0,5.330200000000004,117.48960000000002,66.05,166.1204554042834,1.0,0.0,0.0,0.0,16.587148214603193,9.933982613339252,6.836388687967812,19.675250822976675,9.73907579823513,4.79581138291142,-3.079999999999999,1.9417332820594435,924.538570791054,0.2542325658073024,-0.3850267285939498,146.0,0.0,0.0,0.0,0.0,0.0,0.0,0.0,0.9473684210526316,3.3009999999999997,-0.2310357142857143
7N03_ZRP,20,-6.286,-9.719,-1.428,3.308,-1.553,8.9975,0,38.0,1.3571428571428572,0.9285714285714286,3.0699631919617536,3.834823413842531,0.0,5.711149543517354,4.17790289142209,0,6.099396684051018,8.816358099740341,0.0,0.0,9.0,0.0,0.0,0.0,0.0,0.0,0.0,17.0,26.0,376.5040000000001,28.0,3.0,4.0,9.0,3.0,3.0,0.0,0.0,5.0,0.3043478260869565,3.0,5.0,5.330200000000004,117.48960000000002,66.05,166.1204554042834,1.0,0.0,0.0,0.0,16.587148214603193,9.933982613339252,6.836388687967812,19.675250822976675,9.73907579823513,4.79581138291142,-3.079999999999999,1.9417332820594435,924.538570791054,0.2542325658073024,-0.3850267285939498,146.0,0.0,0.0,0.0,0.0,0.0,0.0,0.0,1.0,3.484,-0.2244999999999999
7P1M_4IU,1,-6.908,-9.533,-0.669,2.625,-0.669,0.6447,1,70.0,2.9166666666666665,1.0,2.8448894530367954,3.494366485915812,0.0,0.2050180971009414,4.4956531223536125,0,7.26212309779203,0.0,2.0,6.0,4.0,0.0,0.0,0.0,0.0,0.0,0.0,38.0,50.0,334.3280000000001,24.0,3.0,6.0,5.0,3.0,2.0,1.0,0.0,8.0,0.375,3.0,8.0,0.4223999999999995,83.35590000000003,114.04,137.11220619928986,0.0,0.0,0.0,3.0,12.993828564781484,7.4227491871302,5.547548078150112,16.438212095902205,6.598128472848271,2.9857623089521064,-2.4199999999999995,1.7804905336104315,784.2107705919141,0.3352595369969172,-0.4930261378345021,128.0,0.0,0.0,0.0,0.0,0.0,1.0,0.0,0.0,0.0,-0.2878333333333333
7P1M_4IU,2,-6.76,-9.259,-0.738,2.569,-0.669,8.7474,0,69.0,2.875,0.9583333333333334,2.7768402906901204,3.591323235504964,0.0,2.3153808275823904,4.231716879502206,0,8.253505358421046,8.737470684261742,0.0,5.0,9.0,0.0,0.0,0.0,0.0,0.0,0.0,15.0,29.0,334.3280000000001,24.0,3.0,6.0,5.0,3.0,2.0,1.0,0.0,8.0,0.375,3.0,8.0,0.4223999999999995,83.35590000000003,114.04,137.11220619928986,0.0,0.0,0.0,3.0,12.993828564781484,7.4227491871302,5.547548078150112,16.438212095902205,6.598128472848271,2.9857623089521064,-2.4199999999999995,1.7804905336104315,784.2107705919141,0.3352595369969172,-0.4930261378345021,128.0,0.0,0.0,0.0,0.0,0.0,1.0,0.0,0.0526315789473684,0.1480000000000005,-0.2816666666666667
7P1M_4IU,3,-6.416,-8.858,-0.665,2.438,-0.669,8.9967,0,64.0,2.6666666666666665,0.875,2.7421059425193626,3.742262525431732,0.0,1.5976568220930918,4.552331441560406,0,8.089418981842618,8.961854284038173,1.0,2.0,9.0,0.0,0.0,0.0,0.0,0.0,0.0,12.0,24.0,334.3280000000001,24.0,3.0,6.0,5.0,3.0,2.0,1.0,0.0,8.0,0.375,3.0,8.0,0.4223999999999995,83.35590000000003,114.04,137.11220619928986,0.0,0.0,0.0,3.0,12.993828564781484,7.4227491871302,5.547548078150112,16.438212095902205,6.598128472848271,2.9857623089521064,-2.4199999999999995,1.7804905336104315,784.2107705919141,0.3352595369969172,-0.4930261378345021,128.0,0.0,0.0,0.0,0.0,0.0,1.0,0.0,0.1052631578947368,0.492,-0.2673333333333333
7P1M_4IU,4,-6.285,-8.604,-0.739,2.388,-0.669,2.5421,0,64.0,2.6666666666666665,1.0,2.886764971382328,3.573974566229625,0.0,1.9071865267762007,4.369072905329383,0,7.454969245648263,2.7010755882302395,2.0,4.0,1.0,0.0,0.0,0.0,0.0,0.0,0.0,25.0,32.0,334.3280000000001,24.0,3.0,6.0,5.0,3.0,2.0,1.0,0.0,8.0,0.375,3.0,8.0,0.4223999999999995,83.35590000000003,114.04,137.11220619928986,0.0,0.0,0.0,3.0,12.993828564781484,7.4227491871302,5.547548078150112,16.438212095902205,6.598128472848271,2.9857623089521064,-2.4199999999999995,1.7804905336104315,784.2107705919141,0.3352595369969172,-0.4930261378345021,128.0,0.0,0.0,0.0,0.0,0.0,1.0,0.0,0.1578947368421052,0.6230000000000002,-0.261875
7P1M_4IU,5,-6.056,-8.232,-0.794,2.301,-0.669,8.306,0,66.0,2.75,0.875,2.895293076702253,3.7598494727984697,0.0,0.6296825740777844,4.055423506150265,0,7.837947557325191,8.234783530346542,0.0,1.0,4.0,0.0,0.0,0.0,0.0,0.0,0.0,26.0,31.0,334.3280000000001,24.0,3.0,6.0,5.0,3.0,2.0,1.0,0.0,8.0,0.375,3.0,8.0,0.4223999999999995,83.35590000000003,114.04,137.11220619928986,0.0,0.0,0.0,3.0,12.993828564781484,7.4227491871302,5.547548078150112,16.438212095902205,6.598128472848271,2.9857623089521064,-2.4199999999999995,1.7804905336104315,784.2107705919141,0.3352595369969172,-0.4930261378345021,128.0,0.0,0.0,0.0,0.0,0.0,1.0,0.0,0.2105263157894736,0.8520000000000003,-0.2523333333333333
7P1M_4IU,6,-6.053,-8.335,-0.687,2.3,-0.669,9.1728,0,63.0,2.625,1.0,2.967700962024308,3.637139962317937,0.0,9.000194452374657,4.267864179279582,0,10.970988260710266,9.34472769355355,1.0,2.0,11.0,0.0,0.0,0.0,0.0,0.0,0.0,29.0,43.0,334.3280000000001,24.0,3.0,6.0,5.0,3.0,2.0,1.0,0.0,8.0,0.375,3.0,8.0,0.4223999999999995,83.35590000000003,114.04,137.11220619928986,0.0,0.0,0.0,3.0,12.993828564781484,7.4227491871302,5.547548078150112,16.438212095902205,6.598128472848271,2.9857623089521064,-2.4199999999999995,1.7804905336104315,784.2107705919141,0.3352595369969172,-0.4930261378345021,128.0,0.0,0.0,0.0,0.0,0.0,1.0,0.0,0.2631578947368421,0.8550000000000004,-0.2522083333333333
7P1M_4IU,7,-5.901,-8.151,-0.661,2.242,-0.669,2.3257,0,54.0,2.25,0.9166666666666666,2.907758758906935,3.690624345092066,0.0,1.0827806579012176,4.522290515348204,0,7.41826093526707,2.1938738663985826,2.0,4.0,3.0,0.0,0.0,0.0,0.0,0.0,0.0,32.0,41.0,334.3280000000001,24.0,3.0,6.0,5.0,3.0,2.0,1.0,0.0,8.0,0.375,3.0,8.0,0.4223999999999995,83.35590000000003,114.04,137.11220619928986,0.0,0.0,0.0,3.0,12.993828564781484,7.4227491871302,5.547548078150112,16.438212095902205,6.598128472848271,2.9857623089521064,-2.4199999999999995,1.7804905336104315,784.2107705919141,0.3352595369969172,-0.4930261378345021,128.0,0.0,0.0,0.0,0.0,0.0,1.0,0.0,0.3157894736842105,1.0070000000000006,-0.2458749999999999
7P1M_4IU,8,-5.353,-7.289,-0.767,2.034,-0.669,11.5033,0,52.0,2.1666666666666665,0.9583333333333334,2.794590846617804,3.709209704982754,0.0,8.360823591828774,4.184041615629491,0,11.349498256520656,11.266942407251994,1.0,1.0,7.0,0.0,0.0,0.0,0.0,0.0,0.0,18.0,27.0,334.3280000000001,24.0,3.0,6.0,5.0,3.0,2.0,1.0,0.0,8.0,0.375,3.0,8.0,0.4223999999999995,83.35590000000003,114.04,137.11220619928986,0.0,0.0,0.0,3.0,12.993828564781484,7.4227491871302,5.547548078150112,16.438212095902205,6.598128472848271,2.9857623089521064,-2.4199999999999995,1.7804905336104315,784.2107705919141,0.3352595369969172,-0.4930261378345021,128.0,0.0,0.0,0.0,0.0,0.0,1.0,0.0,0.3684210526315789,1.5550000000000006,-0.2230416666666666
7P1M_4IU,9,-5.32,-7.31,-0.701,2.022,-0.669,8.6904,0,59.0,2.458333333333333,0.875,3.056447938375526,3.80202135021171,0.0,8.439453164263993,4.26730232366161,0,10.394625559549429,8.854517434620588,1.0,2.0,9.0,0.0,0.0,0.0,0.0,0.0,0.0,16.0,28.0,334.3280000000001,24.0,3.0,6.0,5.0,3.0,2.0,1.0,0.0,8.0,0.375,3.0,8.0,0.4223999999999995,83.35590000000003,114.04,137.11220619928986,0.0,0.0,0.0,3.0,12.993828564781484,7.4227491871302,5.547548078150112,16.438212095902205,6.598128472848271,2.9857623089521064,-2.4199999999999995,1.7804905336104315,784.2107705919141,0.3352595369969172,-0.4930261378345021,128.0,0.0,0.0,0.0,0.0,0.0,1.0,0.0,0.4210526315789473,1.588,-0.2216666666666666
7P1M_4IU,10,-5.135,-7.275,-0.48,1.951,-0.669,8.8928,0,52.0,2.1666666666666665,0.7916666666666666,2.9045930868195646,3.997236121405928,0.0,2.8492593564307818,4.370854778506335,0,8.037025549831101,8.893338670506894,1.0,1.0,9.0,0.0,0.0,0.0,0.0,0.0,0.0,13.0,24.0,334.3280000000001,24.0,3.0,6.0,5.0,3.0,2.0,1.0,0.0,8.0,0.375,3.0,8.0,0.4223999999999995,83.35590000000003,114.04,137.11220619928986,0.0,0.0,0.0,3.0,12.993828564781484,7.4227491871302,5.547548078150112,16.438212095902205,6.598128472848271,2.9857623089521064,-2.4199999999999995,1.7804905336104315,784.2107705919141,0.3352595369969172,-0.4930261378345021,128.0,0.0,0.0,0.0,0.0,0.0,1.0,0.0,0.4736842105263157,1.7730000000000006,-0.2139583333333333
7P1M_4IU,11,-4.998,-6.801,-0.764,1.899,-0.669,4.3119,0,55.0,2.2916666666666665,1.0,2.793297871692168,3.5645415511825624,0.0,4.067947033969423,4.331604703088619,0,7.79629932713968,4.303933680367298,2.0,4.0,2.0,0.0,0.0,0.0,0.0,0.0,0.0,26.0,34.0,334.3280000000001,24.0,3.0,6.0,5.0,3.0,2.0,1.0,0.0,8.0,0.375,3.0,8.0,0.4223999999999995,83.35590000000003,114.04,137.11220619928986,0.0,0.0,0.0,3.0,12.993828564781484,7.4227491871302,5.547548078150112,16.438212095902205,6.598128472848271,2.9857623089521064,-2.4199999999999995,1.7804905336104315,784.2107705919141,0.3352595369969172,-0.4930261378345021,128.0,0.0,0.0,0.0,0.0,0.0,1.0,0.0,0.5263157894736842,1.91,-0.20825
7P1M_4IU,12,-4.94,-6.727,-0.759,1.877,-0.669,9.7032,0,59.0,2.458333333333333,0.9583333333333334,2.732451280443989,3.670780929665605,0.0,7.64644877370916,4.251902626202572,0,10.447593894960654,9.839372784464803,1.0,2.0,14.0,0.0,0.0,0.0,0.0,0.0,0.0,23.0,40.0,334.3280000000001,24.0,3.0,6.0,5.0,3.0,2.0,1.0,0.0,8.0,0.375,3.0,8.0,0.4223999999999995,83.35590000000003,114.04,137.11220619928986,0.0,0.0,0.0,3.0,12.993828564781484,7.4227491871302,5.547548078150112,16.438212095902205,6.598128472848271,2.9857623089521064,-2.4199999999999995,1.7804905336104315,784.2107705919141,0.3352595369969172,-0.4930261378345021,128.0,0.0,0.0,0.0,0.0,0.0,1.0,0.0,0.5789473684210527,1.968,-0.2058333333333333
7P1M_4IU,13,-4.897,-6.673,-0.754,1.861,-0.669,8.7693,0,46.0,1.9166666666666667,0.7916666666666666,3.050193764336949,3.925130668666544,0.0,8.341755476654274,4.391555260881388,0,10.7123407607316,8.942111702966661,1.0,1.0,7.0,0.0,0.0,0.0,0.0,0.0,0.0,12.0,21.0,334.3280000000001,24.0,3.0,6.0,5.0,3.0,2.0,1.0,0.0,8.0,0.375,3.0,8.0,0.4223999999999995,83.35590000000003,114.04,137.11220619928986,0.0,0.0,0.0,3.0,12.993828564781484,7.4227491871302,5.547548078150112,16.438212095902205,6.598128472848271,2.9857623089521064,-2.4199999999999995,1.7804905336104315,784.2107705919141,0.3352595369969172,-0.4930261378345021,128.0,0.0,0.0,0.0,0.0,0.0,1.0,0.0,0.631578947368421,2.011,-0.2040416666666666
7P1M_4IU,14,-4.891,-6.801,-0.617,1.858,-0.669,2.3573,0,52.0,2.1666666666666665,0.9583333333333334,2.849850171500247,3.681607895327865,0.0,1.1231605888444114,4.546210157006236,0,7.416281860551197,2.214010256676031,1.0,1.0,6.0,0.0,0.0,0.0,0.0,0.0,0.0,15.0,23.0,334.3280000000001,24.0,3.0,6.0,5.0,3.0,2.0,1.0,0.0,8.0,0.375,3.0,8.0,0.4223999999999995,83.35590000000003,114.04,137.11220619928986,0.0,0.0,0.0,3.0,12.993828564781484,7.4227491871302,5.547548078150112,16.438212095902205,6.598128472848271,2.9857623089521064,-2.4199999999999995,1.7804905336104315,784.2107705919141,0.3352595369969172,-0.4930261378345021,128.0,0.0,0.0,0.0,0.0,0.0,1.0,0.0,0.6842105263157895,2.0170000000000003,-0.2037916666666666
7P1M_4IU,15,-4.84,-6.963,-0.385,1.839,-0.669,8.2703,0,49.0,2.0416666666666665,0.875,3.064427679029155,3.882904349683114,0.0,1.39230275071652,4.00427577830006,0,7.673189020726367,8.198344891399321,0.0,1.0,3.0,0.0,0.0,0.0,0.0,0.0,0.0,7.0,11.0,334.3280000000001,24.0,3.0,6.0,5.0,3.0,2.0,1.0,0.0,8.0,0.375,3.0,8.0,0.4223999999999995,83.35590000000003,114.04,137.11220619928986,0.0,0.0,0.0,3.0,12.993828564781484,7.4227491871302,5.547548078150112,16.438212095902205,6.598128472848271,2.9857623089521064,-2.4199999999999995,1.7804905336104315,784.2107705919141,0.3352595369969172,-0.4930261378345021,128.0,0.0,0.0,0.0,0.0,0.0,1.0,0.0,0.7368421052631579,2.0680000000000005,-0.2016666666666666
7P1M_4IU,16,-4.759,-6.432,-0.804,1.808,-0.669,3.6172,0,38.0,1.5833333333333333,0.9583333333333334,2.833320666638352,3.705336248691677,0.0,2.555584496703573,4.232665335050914,0,7.818204678059684,3.384821899549025,1.0,3.0,6.0,0.0,0.0,0.0,0.0,0.0,0.0,10.0,20.0,334.3280000000001,24.0,3.0,6.0,5.0,3.0,2.0,1.0,0.0,8.0,0.375,3.0,8.0,0.4223999999999995,83.35590000000003,114.04,137.11220619928986,0.0,0.0,0.0,3.0,12.993828564781484,7.4227491871302,5.547548078150112,16.438212095902205,6.598128472848271,2.9857623089521064,-2.4199999999999995,1.7804905336104315,784.2107705919141,0.3352595369969172,-0.4930261378345021,128.0,0.0,0.0,0.0,0.0,0.0,1.0,0.0,0.7894736842105263,2.149,-0.1982916666666666
7P1M_4IU,17,-4.723,-6.319,-0.868,1.795,-0.669,9.2511,0,38.0,1.5833333333333333,0.7916666666666666,2.8034437750737906,3.961632106842934,0.0,6.66775471511754,4.153488390380762,0,9.614136132611367,9.006826850598754,0.0,0.0,5.0,0.0,0.0,0.0,0.0,0.0,0.0,10.0,15.0,334.3280000000001,24.0,3.0,6.0,5.0,3.0,2.0,1.0,0.0,8.0,0.375,3.0,8.0,0.4223999999999995,83.35590000000003,114.04,137.11220619928986,0.0,0.0,0.0,3.0,12.993828564781484,7.4227491871302,5.547548078150112,16.438212095902205,6.598128472848271,2.9857623089521064,-2.4199999999999995,1.7804905336104315,784.2107705919141,0.3352595369969172,-0.4930261378345021,128.0,0.0,0.0,0.0,0.0,0.0,1.0,0.0,0.8421052631578947,2.1850000000000005,-0.1967916666666666
7P1M_4IU,18,-4.715,-6.529,-0.646,1.792,-0.669,9.7921,0,49.0,2.0416666666666665,0.8333333333333334,3.0269479678382285,3.8318225124475354,0.0,6.841369142307657,4.5242960926182265,0,9.753690412317557,9.519802779382214,2.0,1.0,8.0,0.0,0.0,0.0,0.0,0.0,0.0,12.0,23.0,334.3280000000001,24.0,3.0,6.0,5.0,3.0,2.0,1.0,0.0,8.0,0.375,3.0,8.0,0.4223999999999995,83.35590000000003,114.04,137.11220619928986,0.0,0.0,0.0,3.0,12.993828564781484,7.4227491871302,5.547548078150112,16.438212095902205,6.598128472848271,2.9857623089521064,-2.4199999999999995,1.7804905336104315,784.2107705919141,0.3352595369969172,-0.4930261378345021,128.0,0.0,0.0,0.0,0.0,0.0,1.0,0.0,0.8947368421052632,2.1930000000000005,-0.1964583333333333
7P1M_4IU,19,-4.514,-6.258,-0.639,1.715,-0.669,8.4464,0,42.0,1.75,1.0,2.9773197678449,3.71148228064574,0.0,5.305770749362592,4.206640113781424,0,8.767738159308593,8.186651984073425,0.0,0.0,6.0,0.0,0.0,0.0,0.0,0.0,0.0,10.0,16.0,334.3280000000001,24.0,3.0,6.0,5.0,3.0,2.0,1.0,0.0,8.0,0.375,3.0,8.0,0.4223999999999995,83.35590000000003,114.04,137.11220619928986,0.0,0.0,0.0,3.0,12.993828564781484,7.4227491871302,5.547548078150112,16.438212095902205,6.598128472848271,2.9857623089521064,-2.4199999999999995,1.7804905336104315,784.2107705919141,0.3352595369969172,-0.4930261378345021,128.0,0.0,0.0,0.0,0.0,0.0,1.0,0.0,0.9473684210526316,2.394,-0.1880833333333333
7P1M_4IU,20,-4.402,-6.109,-0.634,1.673,-0.669,5.3792,0,47.0,1.9583333333333333,0.9166666666666666,2.8126818163453886,3.699303883353746,0.0,3.266236959939104,4.529656779292936,0,7.525611371961501,5.195877869362725,0.0,1.0,1.0,0.0,0.0,0.0,0.0,0.0,0.0,9.0,11.0,334.3280000000001,24.0,3.0,6.0,5.0,3.0,2.0,1.0,0.0,8.0,0.375,3.0,8.0,0.4223999999999995,83.35590000000003,114.04,137.11220619928986,0.0,0.0,0.0,3.0,12.993828564781484,7.4227491871302,5.547548078150112,16.438212095902205,6.598128472848271,2.9857623089521064,-2.4199999999999995,1.7804905336104315,784.2107705919141,0.3352595369969172,-0.4930261378345021,128.0,0.0,0.0,0.0,0.0,0.0,1.0,0.0,1.0,2.506,-0.1834166666666666
7TUO_KL9,1,-9.468,-12.512,-0.867,3.044,-0.867,11.8664,0,85.0,2.833333333333333,0.9666666666666668,2.755958453968418,3.5574605413084983,0.0,0.8858501691720928,6.002674116128948,0,10.48773638573349,0.0,0.0,0.0,8.0,0.0,0.0,0.0,0.0,0.0,0.0,60.0,68.0,421.57000000000016,30.0,3.0,6.0,5.0,5.0,3.0,2.0,2.0,7.0,0.4347826086956521,4.0,6.0,3.5524200000000024,120.96430000000004,92.93,179.85365920517748,1.0,0.0,2.0,3.0,17.96621346268129,11.529227701610328,9.562749343353598,19.45330227674893,7.963473457263458,3.792597474991256,-2.51,1.1770593185231792,1065.1370325000323,0.2631494434460534,-0.3955705322708474,156.0,0.0,0.0,0.0,1.0,0.0,0.0,1.0,0.0,0.0,-0.3156
7TUO_KL9,2,-9.258,-12.301,-0.801,2.977,-0.867,12.0059,0,70.0,2.333333333333333,0.9333333333333332,2.770020397036814,3.6223771919008696,0.0,0.769137885340898,6.0546161821649225,1,10.312691544795236,2.1952498566981693,0.0,0.0,6.0,0.0,0.0,0.0,0.0,0.0,0.0,45.0,51.0,421.57000000000016,30.0,3.0,6.0,5.0,5.0,3.0,2.0,2.0,7.0,0.4347826086956521,4.0,6.0,3.5524200000000024,120.96430000000004,92.93,179.85365920517748,1.0,0.0,2.0,3.0,17.96621346268129,11.529227701610328,9.562749343353598,19.45330227674893,7.963473457263458,3.792597474991256,-2.51,1.1770593185231792,1065.1370325000323,0.2631494434460534,-0.3955705322708474,156.0,0.0,0.0,0.0,1.0,0.0,0.0,1.0,0.0526315789473684,0.2100000000000008,-0.3086
7TUO_KL9,3,-8.452,-11.179,-0.859,2.718,-0.867,12.1515,0,57.0,1.9,0.9666666666666668,2.886233185312648,3.8302271548352462,0.0,9.314094276358215,5.077265190150216,1,9.490005965367477,12.733975909615452,0.0,1.0,11.0,0.0,0.0,0.0,0.0,0.0,0.0,23.0,35.0,421.57000000000016,30.0,3.0,6.0,5.0,5.0,3.0,2.0,2.0,7.0,0.4347826086956521,4.0,6.0,3.5524200000000024,120.96430000000004,92.93,179.85365920517748,1.0,0.0,2.0,3.0,17.96621346268129,11.529227701610328,9.562749343353598,19.45330227674893,7.963473457263458,3.792597474991256,-2.51,1.1770593185231792,1065.1370325000323,0.2631494434460534,-0.3955705322708474,156.0,0.0,0.0,0.0,1.0,0.0,0.0,1.0,0.1052631578947368,1.016,-0.2817333333333333
7TUO_KL9,4,-7.85,-10.279,-0.962,2.524,-0.867,7.839,0,49.0,1.6333333333333333,0.9,2.883575905017936,3.809087460184038,0.0,6.270503620479334,5.464677591485969,0,7.412101304502132,12.083606019451866,2.0,1.0,4.0,0.0,0.0,0.0,0.0,0.0,0.0,25.0,32.0,421.57000000000016,30.0,3.0,6.0,5.0,5.0,3.0,2.0,2.0,7.0,0.4347826086956521,4.0,6.0,3.5524200000000024,120.96430000000004,92.93,179.85365920517748,1.0,0.0,2.0,3.0,17.96621346268129,11.529227701610328,9.562749343353598,19.45330227674893,7.963473457263458,3.792597474991256,-2.51,1.1770593185231792,1065.1370325000323,0.2631494434460534,-0.3955705322708474,156.0,0.0,0.0,0.0,1.0,0.0,0.0,1.0,0.1578947368421052,1.6180000000000003,-0.2616666666666666
7TUO_KL9,5,-7.794,-10.08,-1.087,2.506,-0.867,7.1418,0,51.0,1.7,0.8666666666666667,3.016687255915006,3.791667823677696,0.0,5.008888146973227,5.292242800972423,0,7.629997912053485,11.281821962785974,1.0,1.0,10.0,0.0,0.0,0.0,0.0,0.0,0.0,28.0,40.0,421.57000000000016,30.0,3.0,6.0,5.0,5.0,3.0,2.0,2.0,7.0,0.4347826086956521,4.0,6.0,3.5524200000000024,120.96430000000004,92.93,179.85365920517748,1.0,0.0,2.0,3.0,17.96621346268129,11.529227701610328,9.562749343353598,19.45330227674893,7.963473457263458,3.792597474991256,-2.51,1.1770593185231792,1065.1370325000323,0.2631494434460534,-0.3955705322708474,156.0,0.0,0.0,0.0,1.0,0.0,0.0,1.0,0.2105263157894736,1.6740000000000004,-0.2598
7TUO_KL9,6,-7.79,-10.514,-0.648,2.505,-0.867,11.4869,0,49.0,1.6333333333333333,0.9,3.209761050296424,3.921825047914602,0.0,8.861604476617087,4.668571362490528,1,9.10374212896582,12.164304377974103,1.0,1.0,5.0,0.0,0.0,0.0,0.0,0.0,0.0,20.0,27.0,421.57000000000016,30.0,3.0,6.0,5.0,5.0,3.0,2.0,2.0,7.0,0.4347826086956521,4.0,6.0,3.5524200000000024,120.96430000000004,92.93,179.85365920517748,1.0,0.0,2.0,3.0,17.96621346268129,11.529227701610328,9.562749343353598,19.45330227674893,7.963473457263458,3.792597474991256,-2.51,1.1770593185231792,1065.1370325000323,0.2631494434460534,-0.3955705322708474,156.0,0.0,0.0,0.0,1.0,0.0,0.0,1.0,0.2631578947368421,1.678,-0.2596666666666666
7TUO_KL9,7,-7.685,-9.933,-1.091,2.471,-0.867,8.1824,0,56.0,1.8666666666666667,0.9666666666666668,2.894350013388152,3.7493271987131385,0.0,6.225317782250156,5.316867850843515,0,7.544132178796312,12.033964515763984,1.0,1.0,1.0,0.0,0.0,0.0,0.0,0.0,0.0,16.0,19.0,421.57000000000016,30.0,3.0,6.0,5.0,5.0,3.0,2.0,2.0,7.0,0.4347826086956521,4.0,6.0,3.5524200000000024,120.96430000000004,92.93,179.85365920517748,1.0,0.0,2.0,3.0,17.96621346268129,11.529227701610328,9.562749343353598,19.45330227674893,7.963473457263458,3.792597474991256,-2.51,1.1770593185231792,1065.1370325000323,0.2631494434460534,-0.3955705322708474,156.0,0.0,0.0,0.0,1.0,0.0,0.0,1.0,0.3157894736842105,1.7830000000000004,-0.2561666666666666
7TUO_KL9,8,-7.661,-10.855,-0.137,2.463,-0.867,9.7049,0,63.0,2.1,0.9,2.980577796334128,3.786115247261357,0.0,7.609687834596105,4.969953956191814,1,8.568945874820187,12.287998876953074,0.0,0.0,11.0,0.0,0.0,0.0,0.0,0.0,0.0,22.0,33.0,421.57000000000016,30.0,3.0,6.0,5.0,5.0,3.0,2.0,2.0,7.0,0.4347826086956521,4.0,6.0,3.5524200000000024,120.96430000000004,92.93,179.85365920517748,1.0,0.0,2.0,3.0,17.96621346268129,11.529227701610328,9.562749343353598,19.45330227674893,7.963473457263458,3.792597474991256,-2.51,1.1770593185231792,1065.1370325000323,0.2631494434460534,-0.3955705322708474,156.0,0.0,0.0,0.0,1.0,0.0,0.0,1.0,0.3684210526315789,1.8070000000000004,-0.2553666666666666
7TUO_KL9,9,-7.607,-10.015,-0.905,2.446,-0.867,10.2656,0,59.0,1.9666666666666663,0.8666666666666667,2.9713454864757827,3.884216280206408,0.0,8.133647019838845,5.780492221544229,0,8.124218016425514,12.604450466667185,2.0,1.0,8.0,0.0,0.0,0.0,0.0,0.0,0.0,23.0,34.0,421.57000000000016,30.0,3.0,6.0,5.0,5.0,3.0,2.0,2.0,7.0,0.4347826086956521,4.0,6.0,3.5524200000000024,120.96430000000004,92.93,179.85365920517748,1.0,0.0,2.0,3.0,17.96621346268129,11.529227701610328,9.562749343353598,19.45330227674893,7.963473457263458,3.792597474991256,-2.51,1.1770593185231792,1065.1370325000323,0.2631494434460534,-0.3955705322708474,156.0,0.0,0.0,0.0,1.0,0.0,0.0,1.0,0.4210526315789473,1.861,-0.2535666666666666
7TUO_KL9,10,-7.59,-10.017,-0.881,2.44,-0.867,7.1758,0,61.0,2.033333333333333,0.9666666666666668,2.9941836950995504,3.68766283297642,0.0,5.333085259751411,5.680757623670358,0,7.854423271739757,12.046513253496492,0.0,0.0,6.0,0.0,0.0,0.0,0.0,0.0,0.0,24.0,30.0,421.57000000000016,30.0,3.0,6.0,5.0,5.0,3.0,2.0,2.0,7.0,0.4347826086956521,4.0,6.0,3.5524200000000024,120.96430000000004,92.93,179.85365920517748,1.0,0.0,2.0,3.0,17.96621346268129,11.529227701610328,9.562749343353598,19.45330227674893,7.963473457263458,3.792597474991256,-2.51,1.1770593185231792,1065.1370325000323,0.2631494434460534,-0.3955705322708474,156.0,0.0,0.0,0.0,1.0,0.0,0.0,1.0,0.4736842105263157,1.878,-0.253
7TUO_KL9,11,-7.582,-10.082,-0.805,2.438,-0.867,7.4234,0,53.0,1.7666666666666666,0.9,3.104762470785808,3.780817661413724,0.0,5.505885479395866,5.937369388411373,0,8.071068329699612,11.882556575361496,1.0,1.0,6.0,0.0,0.0,0.0,0.0,0.0,0.0,26.0,34.0,421.57000000000016,30.0,3.0,6.0,5.0,5.0,3.0,2.0,2.0,7.0,0.4347826086956521,4.0,6.0,3.5524200000000024,120.96430000000004,92.93,179.85365920517748,1.0,0.0,2.0,3.0,17.96621346268129,11.529227701610328,9.562749343353598,19.45330227674893,7.963473457263458,3.792597474991256,-2.51,1.1770593185231792,1065.1370325000323,0.2631494434460534,-0.3955705322708474,156.0,0.0,0.0,0.0,1.0,0.0,0.0,1.0,0.5263157894736842,1.886,-0.2527333333333333
7TUO_KL9,12,-7.51,-9.803,-0.99,2.415,-0.867,11.0906,0,50.0,1.6666666666666667,0.9333333333333332,2.8528639995625467,3.766535864242685,0.0,7.902496306864055,4.948372943369029,0,7.815567978389094,11.016500378976984,0.0,1.0,9.0,0.0,0.0,0.0,0.0,0.0,0.0,23.0,33.0,421.57000000000016,30.0,3.0,6.0,5.0,5.0,3.0,2.0,2.0,7.0,0.4347826086956521,4.0,6.0,3.5524200000000024,120.96430000000004,92.93,179.85365920517748,1.0,0.0,2.0,3.0,17.96621346268129,11.529227701610328,9.562749343353598,19.45330227674893,7.963473457263458,3.792597474991256,-2.51,1.1770593185231792,1065.1370325000323,0.2631494434460534,-0.3955705322708474,156.0,0.0,0.0,0.0,1.0,0.0,0.0,1.0,0.5789473684210527,1.958,-0.2503333333333333
7TUO_KL9,13,-7.465,-10.729,-0.003,2.4,-0.867,10.4682,0,60.0,2.0,0.9,3.2105540020376533,3.887848977100592,0.0,8.408079082181747,4.726700940519836,1,8.711561683883176,12.69413312124936,0.0,0.0,12.0,0.0,0.0,0.0,0.0,0.0,0.0,20.0,32.0,421.57000000000016,30.0,3.0,6.0,5.0,5.0,3.0,2.0,2.0,7.0,0.4347826086956521,4.0,6.0,3.5524200000000024,120.96430000000004,92.93,179.85365920517748,1.0,0.0,2.0,3.0,17.96621346268129,11.529227701610328,9.562749343353598,19.45330227674893,7.963473457263458,3.792597474991256,-2.51,1.1770593185231792,1065.1370325000323,0.2631494434460534,-0.3955705322708474,156.0,0.0,0.0,0.0,1.0,0.0,0.0,1.0,0.631578947368421,2.003,-0.2488333333333333
7TUO_KL9,14,-7.43,-10.404,-0.282,2.389,-0.867,11.9876,0,73.0,2.433333333333333,1.0,2.646899695870625,3.567992104348756,0.0,0.3735688929471757,6.099993585971127,1,10.415857630235982,2.202957300236813,0.0,1.0,5.0,0.0,0.0,0.0,0.0,0.0,0.0,69.0,75.0,421.57000000000016,30.0,3.0,6.0,5.0,5.0,3.0,2.0,2.0,7.0,0.4347826086956521,4.0,6.0,3.5524200000000024,120.96430000000004,92.93,179.85365920517748,1.0,0.0,2.0,3.0,17.96621346268129,11.529227701610328,9.562749343353598,19.45330227674893,7.963473457263458,3.792597474991256,-2.51,1.1770593185231792,1065.1370325000323,0.2631494434460534,-0.3955705322708474,156.0,0.0,0.0,0.0,1.0,0.0,0.0,1.0,0.6842105263157895,2.0380000000000003,-0.2476666666666666
7TUO_KL9,15,-7.395,-9.815,-0.825,2.378,-0.867,11.2849,0,54.0,1.8,0.9333333333333332,3.1246812637451526,3.771143820298702,0.0,7.440278091950295,4.0990482815459055,0,7.737485490588082,10.076166881971206,0.0,0.0,10.0,0.0,0.0,0.0,0.0,0.0,0.0,17.0,27.0,421.57000000000016,30.0,3.0,6.0,5.0,5.0,3.0,2.0,2.0,7.0,0.4347826086956521,4.0,6.0,3.5524200000000024,120.96430000000004,92.93,179.85365920517748,1.0,0.0,2.0,3.0,17.96621346268129,11.529227701610328,9.562749343353598,19.45330227674893,7.963473457263458,3.792597474991256,-2.51,1.1770593185231792,1065.1370325000323,0.2631494434460534,-0.3955705322708474,156.0,0.0,0.0,0.0,1.0,0.0,0.0,1.0,0.7368421052631579,2.0730000000000004,-0.2465
7TUO_KL9,16,-7.391,-9.784,-0.851,2.376,-0.867,10.215,0,61.0,2.033333333333333,0.9333333333333332,2.8022257225284357,3.8194183001010513,0.0,7.394914063883515,6.073425932243222,1,8.39329333586446,11.950664515693957,1.0,1.0,8.0,0.0,0.0,0.0,0.0,0.0,0.0,33.0,43.0,421.57000000000016,30.0,3.0,6.0,5.0,5.0,3.0,2.0,2.0,7.0,0.4347826086956521,4.0,6.0,3.5524200000000024,120.96430000000004,92.93,179.85365920517748,1.0,0.0,2.0,3.0,17.96621346268129,11.529227701610328,9.562749343353598,19.45330227674893,7.963473457263458,3.792597474991256,-2.51,1.1770593185231792,1065.1370325000323,0.2631494434460534,-0.3955705322708474,156.0,0.0,0.0,0.0,1.0,0.0,0.0,1.0,0.7894736842105263,2.077,-0.2463666666666666
7TUO_KL9,17,-7.363,-9.51,-1.088,2.368,-0.867,11.9191,0,47.0,1.5666666666666669,0.9666666666666668,2.9286437133936256,3.72927455108288,0.0,7.435640496733732,4.439013430557139,0,8.679885774200956,9.705383129995434,0.0,1.0,9.0,0.0,0.0,0.0,0.0,0.0,0.0,17.0,27.0,421.57000000000016,30.0,3.0,6.0,5.0,5.0,3.0,2.0,2.0,7.0,0.4347826086956521,4.0,6.0,3.5524200000000024,120.96430000000004,92.93,179.85365920517748,1.0,0.0,2.0,3.0,17.96621346268129,11.529227701610328,9.562749343353598,19.45330227674893,7.963473457263458,3.792597474991256,-2.51,1.1770593185231792,1065.1370325000323,0.2631494434460534,-0.3955705322708474,156.0,0.0,0.0,0.0,1.0,0.0,0.0,1.0,0.8421052631578947,2.1049999999999995,-0.2454333333333333
7TUO_KL9,18,-7.36,-10.102,-0.492,2.367,-0.867,12.3565,0,58.0,1.9333333333333331,0.9666666666666668,3.12804012122607,3.7040119621416014,0.0,6.2618481437635936,5.827047556391182,0,10.190603370858488,8.370883390260154,2.0,0.0,1.0,0.0,0.0,0.0,0.0,0.0,0.0,22.0,25.0,421.57000000000016,30.0,3.0,6.0,5.0,5.0,3.0,2.0,2.0,7.0,0.4347826086956521,4.0,6.0,3.5524200000000024,120.96430000000004,92.93,179.85365920517748,1.0,0.0,2.0,3.0,17.96621346268129,11.529227701610328,9.562749343353598,19.45330227674893,7.963473457263458,3.792597474991256,-2.51,1.1770593185231792,1065.1370325000323,0.2631494434460534,-0.3955705322708474,156.0,0.0,0.0,0.0,1.0,0.0,0.0,1.0,0.8947368421052632,2.108,-0.2453333333333333
7TUO_KL9,19,-7.309,-9.673,-0.853,2.35,-0.867,10.0057,0,49.0,1.6333333333333333,1.0,2.9904290662043835,3.776240060466258,0.0,7.76390390983242,6.004775680980006,1,8.228005875871693,12.515424588615971,1.0,0.0,4.0,0.0,0.0,0.0,0.0,0.0,0.0,27.0,32.0,421.57000000000016,30.0,3.0,6.0,5.0,5.0,3.0,2.0,2.0,7.0,0.4347826086956521,4.0,6.0,3.5524200000000024,120.96430000000004,92.93,179.85365920517748,1.0,0.0,2.0,3.0,17.96621346268129,11.529227701610328,9.562749343353598,19.45330227674893,7.963473457263458,3.792597474991256,-2.51,1.1770593185231792,1065.1370325000323,0.2631494434460534,-0.3955705322708474,156.0,0.0,0.0,0.0,1.0,0.0,0.0,1.0,0.9473684210526316,2.159,-0.2436333333333333
7TUO_KL9,20,-6.873,-9.063,-0.887,2.21,-0.867,11.0931,0,28.0,0.9333333333333332,0.8333333333333334,2.7943144060753085,3.94524870189322,0.0,6.908295704762819,4.193419168437878,0,8.017238326599855,9.420436207168612,0.0,1.0,7.0,0.0,0.0,0.0,0.0,0.0,0.0,13.0,21.0,421.57000000000016,30.0,3.0,6.0,5.0,5.0,3.0,2.0,2.0,7.0,0.4347826086956521,4.0,6.0,3.5524200000000024,120.96430000000004,92.93,179.85365920517748,1.0,0.0,2.0,3.0,17.96621346268129,11.529227701610328,9.562749343353598,19.45330227674893,7.963473457263458,3.792597474991256,-2.51,1.1770593185231792,1065.1370325000323,0.2631494434460534,-0.3955705322708474,156.0,0.0,0.0,0.0,1.0,0.0,0.0,1.0,1.0,2.595,-0.2291
7YZU_DO7,1,-8.944,-11.559,-0.311,2.614,-0.311,0.5598,1,84.0,5.25,1.0,2.717738030053668,3.2941072325655307,0.0,0.2531685610665316,2.831596489559821,0,3.912641224885945,0.0,2.0,7.0,0.0,0.0,0.0,0.0,0.0,0.0,0.0,34.0,43.0,258.248,16.0,4.0,7.0,3.0,1.0,0.0,1.0,1.0,9.0,1.0,4.0,8.0,-2.671799999999998,50.10600000000003,133.52,92.16150028632238,0.0,0.0,0.0,5.0,9.240450542381552,6.045281325978695,4.996147603003176,13.77365372374284,4.918407118135079,3.1044221957178078,-0.29,2.7868216758533584,325.2785274232547,0.2670366747520136,-0.3875553628120947,96.0,0.0,0.0,0.0,1.0,0.0,0.0,0.0,0.0,0.0,-0.559
7YZU_DO7,2,-7.295,-9.607,-0.131,2.132,-0.311,2.9088,0,79.0,4.9375,1.0,2.717372628109732,3.2274758210274266,0.0,0.1919355971087653,2.7201262795249965,1,3.625269600923735,2.971136840503984,2.0,5.0,0.0,0.0,0.0,0.0,0.0,0.0,0.0,38.0,45.0,258.248,16.0,4.0,7.0,3.0,1.0,0.0,1.0,1.0,9.0,1.0,4.0,8.0,-2.671799999999998,50.10600000000003,133.52,92.16150028632238,0.0,0.0,0.0,5.0,9.240450542381552,6.045281325978695,4.996147603003176,13.77365372374284,4.918407118135079,3.1044221957178078,-0.29,2.7868216758533584,325.2785274232547,0.2670366747520136,-0.3875553628120947,96.0,0.0,0.0,0.0,1.0,0.0,0.0,0.0,0.125,1.649000000000001,-0.4559375
7YZU_DO7,3,-7.095,-9.219,-0.26,2.074,-0.311,4.8514,0,66.0,4.125,1.0,2.747101381456461,3.361793703350714,0.0,1.022194938447411,2.7496106556769995,0,4.161675319485477,4.75471182092038,1.0,3.0,0.0,0.0,0.0,0.0,0.0,0.0,0.0,39.0,43.0,258.248,16.0,4.0,7.0,3.0,1.0,0.0,1.0,1.0,9.0,1.0,4.0,8.0,-2.671799999999998,50.10600000000003,133.52,92.16150028632238,0.0,0.0,0.0,5.0,9.240450542381552,6.045281325978695,4.996147603003176,13.77365372374284,4.918407118135079,3.1044221957178078,-0.29,2.7868216758533584,325.2785274232547,0.2670366747520136,-0.3875553628120947,96.0,0.0,0.0,0.0,1.0,0.0,0.0,0.0,0.25,1.849000000000001,-0.4434375
7YZU_DO7,4,-7.088,-9.56,0.089,2.072,-0.311,2.9725,0,83.0,5.1875,1.0,2.7228898251673708,3.2707657544072486,0.0,0.5629259984114278,2.7495288360576438,2,3.561330234487968,2.977732022865724,0.0,3.0,0.0,0.0,0.0,0.0,0.0,0.0,0.0,38.0,41.0,258.248,16.0,4.0,7.0,3.0,1.0,0.0,1.0,1.0,9.0,1.0,4.0,8.0,-2.671799999999998,50.10600000000003,133.52,92.16150028632238,0.0,0.0,0.0,5.0,9.240450542381552,6.045281325978695,4.996147603003176,13.77365372374284,4.918407118135079,3.1044221957178078,-0.29,2.7868216758533584,325.2785274232547,0.2670366747520136,-0.3875553628120947,96.0,0.0,0.0,0.0,1.0,0.0,0.0,0.0,0.375,1.8560000000000008,-0.443
7YZU_DO7,5,-6.625,-8.823,-0.049,1.937,-0.311,4.7066,0,87.0,5.4375,1.0,2.631124664473348,3.228508657566376,0.0,0.5627295538544687,2.777731518113072,0,4.412775198799812,4.713956213999023,1.0,2.0,0.0,0.0,0.0,0.0,0.0,0.0,0.0,39.0,42.0,258.248,16.0,4.0,7.0,3.0,1.0,0.0,1.0,1.0,9.0,1.0,4.0,8.0,-2.671799999999998,50.10600000000003,133.52,92.16150028632238,0.0,0.0,0.0,5.0,9.240450542381552,6.045281325978695,4.996147603003176,13.77365372374284,4.918407118135079,3.1044221957178078,-0.29,2.7868216758533584,325.2785274232547,0.2670366747520136,-0.3875553628120947,96.0,0.0,0.0,0.0,1.0,0.0,0.0,0.0,0.5,2.319000000000001,-0.4140625
7YZU_DO7,6,-5.991,-7.718,-0.334,1.751,-0.311,4.4492,0,68.0,4.25,1.0,2.487460954467426,3.2456236872003523,1.0,0.9928346177108224,2.8145391801989543,0,4.026765499367043,4.524887830101427,1.0,3.0,0.0,0.0,0.0,0.0,0.0,0.0,0.0,46.0,50.0,258.248,16.0,4.0,7.0,3.0,1.0,0.0,1.0,1.0,9.0,1.0,4.0,8.0,-2.671799999999998,50.10600000000003,133.52,92.16150028632238,0.0,0.0,0.0,5.0,9.240450542381552,6.045281325978695,4.996147603003176,13.77365372374284,4.918407118135079,3.1044221957178078,-0.29,2.7868216758533584,325.2785274232547,0.2670366747520136,-0.3875553628120947,96.0,0.0,0.0,0.0,1.0,0.0,0.0,0.0,0.625,2.953000000000001,-0.3744375
7YZU_DO7,7,-5.758,-7.388,-0.365,1.683,-0.311,3.0805,0,70.0,4.375,1.0,2.2971776161193977,3.2347226103070925,1.0,0.9795787300065544,2.7334000711968143,0,4.123154125220225,3.266367908319576,2.0,4.0,1.0,0.0,0.0,0.0,0.0,0.0,0.0,41.0,48.0,258.248,16.0,4.0,7.0,3.0,1.0,0.0,1.0,1.0,9.0,1.0,4.0,8.0,-2.671799999999998,50.10600000000003,133.52,92.16150028632238,0.0,0.0,0.0,5.0,9.240450542381552,6.045281325978695,4.996147603003176,13.77365372374284,4.918407118135079,3.1044221957178078,-0.29,2.7868216758533584,325.2785274232547,0.2670366747520136,-0.3875553628120947,96.0,0.0,0.0,0.0,1.0,0.0,0.0,0.0,0.75,3.186000000000001,-0.359875
7YZU_DO7,8,-5.527,-7.041,-0.413,1.616,-0.311,4.9309,0,84.0,5.25,1.0,2.582991095609895,3.2732458318996693,0.0,1.674087198809772,2.8222994593560142,0,4.233981141397289,4.948300535284816,1.0,1.0,0.0,0.0,0.0,0.0,0.0,0.0,0.0,51.0,53.0,258.248,16.0,4.0,7.0,3.0,1.0,0.0,1.0,1.0,9.0,1.0,4.0,8.0,-2.671799999999998,50.10600000000003,133.52,92.16150028632238,0.0,0.0,0.0,5.0,9.240450542381552,6.045281325978695,4.996147603003176,13.77365372374284,4.918407118135079,3.1044221957178078,-0.29,2.7868216758533584,325.2785274232547,0.2670366747520136,-0.3875553628120947,96.0,0.0,0.0,0.0,1.0,0.0,0.0,0.0,0.875,3.4170000000000007,-0.3454375
7YZU_DO7,9,-5.479,-7.068,-0.322,1.601,-0.311,3.2161,0,78.0,4.875,1.0,2.467903968958273,3.186396481736531,1.0,1.1357451384581183,2.7988047748938745,1,3.774463782824656,3.1440366270926297,1.0,2.0,1.0,0.0,0.0,0.0,0.0,0.0,0.0,64.0,68.0,258.248,16.0,4.0,7.0,3.0,1.0,0.0,1.0,1.0,9.0,1.0,4.0,8.0,-2.671799999999998,50.10600000000003,133.52,92.16150028632238,0.0,0.0,0.0,5.0,9.240450542381552,6.045281325978695,4.996147603003176,13.77365372374284,4.918407118135079,3.1044221957178078,-0.29,2.7868216758533584,325.2785274232547,0.2670366747520136,-0.3875553628120947,96.0,0.0,0.0,0.0,1.0,0.0,0.0,0.0,1.0,3.4650000000000007,-0.3424375
