complex_id,prepare,dock,rmsd,features,total_s
5SAK_ZRY,0.726,2.376,0.008,2.856,5.965999999999999
5SB2_1K2,0.072,7.103,0.003,2.408,9.586
5SD5_HWI,0.052,7.44,0.006,2.579,10.077
5SIS_JSM,0.087,6.997,0.006,3.327,10.417
6M2B_EZO,0.101,3.757,0.005,3.169,7.032
6M73_FNR,0.098,9.387,0.001,2.89,12.376000000000001
6T88_MWQ,0.247,1.428,0.002,3.098,4.7749999999999995
6TW5_9M2,0.46,10.207,0.006,4.342,15.015
6TW7_NZB,0.158,4.819,0.006,4.033,9.016000000000002
6VTA_AKN,0.097,31.127,0.005,3.478,34.707
6WTN_RXT,0.069,2.744,0.005,2.589,5.407
6XBO_5MC,0.099,4.675,0.005,3.188,7.9670000000000005
6XCT_478,0.152,15.847,0.009,3.684,19.692
6XG5_TOP,0.04,3.309,0.004,2.049,5.402
6XHT_V2V,0.448,22.002,0.006,4.165,26.621
6XM9_V55,0.269,1.034,0.003,3.105,4.411
6YJA_2BA,0.071,55.636,0.009,3.618,59.334
6YMS_OZH,0.129,17.348,0.011,3.511,20.999
6YQV_8K2,0.117,0.887,0.003,2.216,3.223
6YQW_82I,0.022,0.701,0.003,0.958,1.684
6YR2_T1C,0.105,12.852,0.005,3.395,16.357000000000003
6YRV_PJ8,0.188,4.272,0.003,3.848,8.311
6YSP_PAL,0.67,3.667,0.001,3.175,7.513
6YT6_PKE,0.124,7.606,0.006,2.825,10.561
6YYO_Q1K,0.135,1.671,0.005,3.171,4.981999999999999
6Z0R_Q4H,0.071,0.673,0.003,1.553,2.3
6Z14_Q4Z,0.247,2.374,0.002,3.773,6.396
6Z1C_7EY,0.088,3.067,0.005,2.467,5.627000000000001
6Z2C_Q5E,0.142,4.125,0.003,2.404,6.674
6Z4N_Q7B,0.253,2.629,0.006,5.428,8.315999999999999
6ZAE_ACV,0.141,9.68,0.003,2.465,12.289
6ZC3_JOR,0.039,1.471,0.004,1.492,3.0060000000000002
6ZCY_QF8,0.063,6.071,0.007,2.808,8.948999999999998
6ZK5_IMH,0.218,4.051,0.004,3.555,7.827999999999999
6ZPB_3D1,0.041,2.328,0.004,1.402,3.7749999999999995
7A1P_QW2,0.179,2.311,0.001,2.885,5.3759999999999994
7A9E_R4W,0.089,0.511,0.001,1.687,2.2880000000000003
7A9H_TPP,0.678,7.803,0.006,4.951,13.437999999999999
7AFX_R9K,0.201,2.075,0.004,3.06,5.34
7AKL_RK5,0.085,1.787,0.004,2.508,4.384
7AN5_RDH,0.144,2.581,0.003,2.704,5.432
7B2C_TP7,1.811,0.021,0.0,0.0,1.8319999999999999
7B94_ANP,0.154,14.945,0.009,3.85,18.958000000000002
7BCP_GCO,0.115,3.167,0.002,2.519,5.803
7BJJ_TVW,0.066,0.66,0.003,1.474,2.203
7BKA_4JC,0.202,1.203,0.002,2.3,3.707
7BMI_U4B,0.209,1.577,0.002,2.008,3.7960000000000003
7BNH_BEZ,0.101,0.704,0.003,1.696,2.504
7BTT_F8R,0.073,12.41,0.008,3.583,16.073999999999998
7C0U_FGO,0.25,25.566,0.008,4.996,30.82
7C3U_AZG,0.072,0.931,0.003,2.115,3.1210000000000004
7C8Q_DSG,0.398,1.466,0.001,4.301,6.166
7CD9_FVR,0.195,9.126,0.007,4.983,14.311
7CIJ_G0C,0.296,5.348,0.005,4.866,10.515
7CL8_TES,0.118,1.656,0.001,2.823,4.598
7CNQ_G8X,0.909,1.219,0.001,2.898,5.027
7CNS_PMV,0.13,3.165,0.001,3.234,6.529999999999999
7CTM_BDP,0.248,1.775,0.002,3.064,5.0889999999999995
7CUO_PHB,0.119,0.923,0.002,1.877,2.9210000000000003
7D5C_GV6,0.965,12.045,0.01,5.176,18.195999999999998
7D6O_MTE,1.309,0.021,0.0,0.0,1.3299999999999998
7DKT_GLF,0.316,1.469,0.002,3.736,5.523000000000001
7DQL_4CL,0.08,0.855,0.003,1.688,2.626
7DUA_HJ0,0.127,2.597,0.005,3.146,5.875
7E4L_MDN,0.125,1.327,0.002,2.406,3.8600000000000003
7EBG_J0L,0.172,0.859,0.004,2.452,3.487
7ECR_SIN,0.52,1.165,0.001,3.037,4.723
7ED2_A3P,0.097,7.301,0.009,3.958,11.365000000000002
7ELT_TYM,0.085,16.158,0.006,4.34,20.589000000000002
7EPV_FDA,0.097,54.357,0.009,5.943,60.406
7ES1_UDP,0.095,7.84,0.006,3.893,11.834
7F51_BA7,0.117,28.28,0.008,4.105,32.510000000000005
7F5D_EUO,0.026,2.322,0.004,1.313,3.665
7F8T_FAD,0.123,64.63,0.009,6.063,70.825
7FB7_8NF,0.078,0.648,0.003,1.271,2.0
7FHA_ADX,0.254,8.31,0.006,3.791,12.361
7FRX_O88,1.796,10.84,0.006,6.739,19.381
7FT9_4MB,0.24,1.424,0.004,1.573,3.2409999999999997
7JG0_GAR,0.046,3.185,0.002,2.205,5.438
7JHQ_VAJ,0.286,2.301,0.004,2.961,5.552
7JMV_4NC,0.07,1.092,0.002,1.888,3.052
7JXX_VP7,0.061,8.424,0.004,2.473,10.962
7JY3_VUD,0.172,3.823,0.005,2.71,6.71
7K0V_VQP,0.27,9.824,0.006,3.878,13.978
7KB1_WBJ,0.653,5.302,0.002,4.473,10.43
7KC5_BJZ,0.147,6.198,0.004,2.121,8.47
7KM8_WPD,0.078,12.096,0.005,3.588,15.767
7KQU_YOF,0.174,2.228,0.001,2.43,4.833
7KRU_ATP,0.812,16.371,0.009,5.102,22.294
7KZ9_XN7,0.351,2.131,0.001,3.357,5.84
7L00_XCJ,0.487,4.719,0.005,4.73,9.941
7L03_F9F,0.19,4.31,0.008,2.935,7.443
7L5F_XNG,0.064,4.573,0.002,1.874,6.513
7L7C_XQ1,0.083,2.323,0.004,2.411,4.821
7LCU_XTA,0.145,10.607,0.011,4.108,14.870999999999999
7LEV_0JO,0.152,4.193,0.005,3.562,7.911999999999999
7LJN_GTP,0.377,13.494,0.009,3.894,17.774
7LMO_NYO,0.116,8.424,0.007,3.602,12.149
7LOE_Y84,0.038,0.565,0.003,1.525,2.131
7LOU_IFM,0.446,1.233,0.001,2.495,4.175
7LT0_ONJ,0.072,3.194,0.005,2.714,5.984999999999999
7LZD_YHY,0.095,3.773,0.003,2.038,5.909000000000001
7M31_TDR,4.86,0.924,0.003,3.317,9.104000000000001
7M3H_YPV,0.508,4.269,0.006,4.694,9.477
7M6K_YRJ,0.309,13.668,0.007,3.903,17.886999999999997
7MFP_Z7P,0.501,45.921,0.011,6.986,53.419
7MGT_ZD4,0.114,8.584,0.006,3.171,11.875
7MGY_ZD1,0.54,6.775,0.003,3.749,11.067
7MMH_ZJY,0.075,102.517,0.017,3.364,105.973
7MOI_HPS,0.067,1.267,0.004,1.639,2.977
7MSR_DCA,0.403,64.819,0.015,5.239,70.47600000000001
7MWN_WI5,0.116,4.599,0.006,2.144,6.865
7MWU_ZPM,0.132,0.721,0.001,2.881,3.735
7MY1_IPE,0.061,2.464,0.002,2.215,4.741999999999999
7MYU_ZR7,0.225,6.456,0.006,4.379,11.065999999999999
7N03_ZRP,0.036,6.926,0.006,2.471,9.439
7N4N_0BK,0.21,5.593,0.006,4.185,9.994
7N4W_P4V,0.048,3.341,0.002,1.705,5.096
7N6F_0I1,0.111,3.27,0.002,3.241,6.6240000000000006
7N7B_T3F,0.165,13.45,0.007,2.503,16.125
7N7H_CTP,0.081,11.304,0.002,2.747,14.134
7NF0_BYN,0.421,12.84,0.001,5.527,18.788999999999998
7NF3_4LU,0.151,10.379,0.002,4.446,14.978
7NFB_GEN,0.28,3.295,0.001,2.531,6.107
7NGW_UAW,0.047,1.804,0.003,1.703,3.557
7NLV_UJE,0.093,4.835,0.002,2.654,7.584
7NP6_UK8,0.059,6.67,0.002,1.75,8.481
7NPL_UKZ,0.094,6.044,0.001,2.21,8.349
7NR8_UOE,0.107,16.408,0.009,4.802,21.326
7NSW_HC4,0.17,1.853,0.002,2.688,4.713
7NU0_DCL,0.289,1.142,0.001,2.958,4.39
7NUT_GLP,0.45,3.093,0.002,2.765,6.3100000000000005
7NXO_UU8,0.176,6.496,0.004,4.089,10.765
7O0N_CDP,0.092,7.292,0.006,3.544,10.934
7O1T_5X8,0.105,6.238,0.003,3.304,9.65
7ODY_DGI,0.152,7.349,0.004,2.354,9.859
7OEO_V9Z,0.027,6.889,0.007,1.855,8.778
7OFF_VCB,0.114,3.995,0.005,2.195,6.308999999999999
7OFK_VCH,0.069,7.0,0.023,2.815,9.907
7OLI_8HG,0.122,2.764,0.004,2.922,5.811999999999999
7OMX_CNA,0.052,34.704,0.008,3.879,38.643
7OP9_06K,1.41,1.007,0.003,2.664,5.084
7OPG_06N,0.362,2.488,0.004,2.798,5.652
7OSO_0V1,0.107,1.322,0.001,2.473,3.9029999999999996
7OZ9_NGK,0.322,4.043,0.002,3.017,7.384
7OZC_G6S,0.131,4.111,0.001,2.946,7.189
7P1F_KFN,0.224,3.968,0.002,3.043,7.237
7P1M_4IU,0.062,4.531,0.005,1.993,6.591
7P2I_MFU,0.077,1.156,0.002,1.575,2.8099999999999996
7P4C_5OV,0.606,2.006,0.002,2.793,5.407
7P5T_5YG,0.129,4.369,0.004,2.614,7.115999999999999
7PGX_FMN,0.043,12.336,0.006,2.367,14.751999999999999
7PIH_7QW,0.16,3.481,0.005,3.368,7.013999999999999
7PJQ_OWH,0.081,0.884,0.003,1.229,2.197
7PK0_BYC,0.074,101.131,0.023,4.369,105.597
7PL1_SFG,0.052,9.065,0.005,2.697,11.818999999999999
7POM_7VZ,0.273,3.079,0.005,3.25,6.607
7PRI_7TI,0.171,3.106,0.005,2.775,6.0569999999999995
7PRM_81I,0.075,5.009,0.001,2.416,7.501000000000001
7PT3_3KK,0.941,103.3,0.024,9.057,113.322
7PUV_84Z,0.341,3.481,0.005,3.227,7.054
7Q25_8J9,1.585,15.44,0.008,6.675,23.708
7Q27_8KC,0.566,0.006,0.0,0.0,0.572
7Q2B_M6H,0.077,0.982,0.004,2.436,3.4989999999999997
7Q5I_I0F,0.541,5.26,0.002,4.742,10.545
7QE4_NGA,0.38,1.964,0.002,1.441,3.787
7QF4_RBF,0.036,6.306,0.002,1.42,7.763999999999999
7QFM_AY3,0.072,1.751,0.004,2.472,4.2989999999999995
7QGP_DJ8,0.081,16.583,0.004,2.864,19.532
7QHG_T3B,0.138,24.554,0.006,3.84,28.538
7QHL_D5P,0.405,6.472,0.006,3.508,10.391000000000002
7QPP_VDX,0.099,6.549,0.001,2.339,8.988000000000001
7QTA_URI,0.148,2.147,0.004,2.703,5.002
7R3D_APR,0.393,19.885,0.007,2.908,23.193000000000005
7R59_I5F,0.099,0.959,0.003,2.566,3.627
7R6J_2I7,0.688,9.793,0.006,5.099,15.586
7R7R_AWJ,0.083,8.643,0.006,2.991,11.723
7R9N_F97,0.163,4.626,0.006,3.012,7.807
7RC3_SAH,0.204,9.043,0.003,3.599,12.849
7RH3_59O,0.037,11.37,0.006,1.902,13.315
7RKW_5TV,0.182,3.431,0.005,2.884,6.502
7RNI_60I,0.48,5.037,0.007,5.75,11.274
7ROR_69X,0.28,22.083,0.006,5.18,27.549
7ROU_66I,0.091,19.463,0.007,4.368,23.929000000000002
7RSV_7IQ,0.366,1.503,0.004,3.372,5.244999999999999
7RWS_4UR,0.079,61.526,0.008,3.195,64.808
7RZL_NPO,0.116,0.859,0.003,2.066,3.0439999999999996
7SCW_GSP,0.088,15.282,0.006,2.618,17.994
7SDD_4IP,0.142,12.649,0.047,3.365,16.203
7SFO_98L,0.095,3.966,0.002,2.381,6.443999999999999
7SIU_9ID,0.151,5.461,0.006,3.584,9.202
7SUC_COM,3.538,1.104,0.001,4.039,8.681999999999999
7SZA_DUI,0.202,1.848,0.004,2.4,4.454000000000001
7T0D_FPP,0.3,7.496,0.003,6.468,14.267
7T1D_E7K,0.181,5.499,0.001,2.936,8.617
7T3E_SLB,0.305,4.848,0.002,3.486,8.641
7TB0_UD1,0.668,21.598,0.007,5.907,28.18
7TBU_S3P,0.289,2.634,0.002,2.744,5.6690000000000005
7TE8_P0T,0.101,3.854,0.002,2.642,6.599
7TH4_FFO,0.32,13.706,0.007,3.834,17.867
7THI_PGA,0.223,1.278,0.001,2.041,3.543
7TM6_GPJ,0.254,1.93,0.001,2.889,5.074
7TOM_5AD,0.192,3.25,0.001,3.694,7.1370000000000005
7TS6_KMI,0.824,2.088,0.004,3.363,6.279
7TSF_H4B,0.286,2.187,0.004,3.374,5.851
7TUO_KL9,0.064,5.813,0.006,3.578,9.461
7TXK_LW8,0.269,1.996,0.005,2.871,5.141
7TYP_KUR,0.092,8.539,0.002,2.704,11.337000000000002
7U0U_FK5,0.074,123.472,0.008,6.117,129.671
7U3J_L6U,0.057,16.335,0.007,2.511,18.91
7UAS_MBU,0.143,9.274,0.003,2.483,11.903
7UAW_MF6,0.057,46.506,0.003,2.036,48.602000000000004
7UJ4_OQ4,0.235,18.478,0.012,6.655,25.380000000000003
7UJ5_DGL,0.681,1.732,0.001,2.755,5.1690000000000005
7UJF_R3V,0.227,8.71,0.001,2.35,11.288
7ULC_56B,0.166,14.009,0.002,3.12,17.297
7UMW_NAD,0.128,32.219,0.007,4.926,37.28
7UQ3_O2U,0.08,1.228,0.001,1.785,3.094
7USH_82V,0.033,2.308,0.005,1.41,3.7559999999999993
7UTW_NAI,0.204,32.549,0.008,5.248,38.009
7UXS_OJC,0.166,31.441,0.007,3.165,34.779
7UY4_SMI,0.179,3.478,0.003,3.161,6.821
7UYB_OK0,0.052,6.141,0.018,2.386,8.597
7V14_ORU,0.061,7.022,0.006,2.837,9.926
7V3N_AKG,0.078,1.653,0.001,2.15,3.8819999999999997
7V3S_5I9,0.065,10.805,0.006,3.538,14.414
7V43_C4O,0.126,0.7,0.002,2.606,3.4339999999999997
7VB8_STL,0.245,2.066,0.004,3.629,5.944
7VBU_6I4,0.09,1.026,0.004,1.896,3.016
7VC5_9SF,0.14,3.635,0.004,2.986,6.765000000000001
7VKZ_NOJ,0.609,1.438,0.001,3.977,6.0249999999999995
7VQ9_ISY,0.099,2.527,0.002,2.696,5.324
7VWF_K55,0.126,9.931,0.007,3.745,13.808999999999997
7VYJ_CA0,0.612,6.866,0.005,4.38,11.863
7W05_GMP,0.035,2.634,0.004,1.129,3.802
7W06_ITN,0.045,1.102,0.001,1.562,2.71
7WCF_ACP,0.091,12.101,0.009,4.041,16.242
7WDT_NGS,0.277,3.376,0.002,3.258,6.913
7WJB_BGC,0.307,1.612,0.002,2.589,4.51
7WKL_CAQ,0.472,1.015,0.003,2.781,4.271
7WL4_JFU,0.125,6.902,0.006,3.458,10.491
7WPW_F15,0.032,4.364,0.003,2.099,6.498
7WQQ_5Z6,0.114,5.654,0.004,2.066,7.837999999999999
7WUX_6OI,0.688,4.703,0.002,3.586,8.979
7WUY_76N,0.316,5.935,0.003,4.242,10.495999999999999
7WY1_D0L,0.346,0.004,0.0,0.0,0.35
7X5N_5M5,0.245,5.28,0.001,2.899,8.425
7X9K_8OG,0.042,4.818,0.005,1.172,6.036999999999999
7XBV_APC,0.097,14.231,0.009,3.848,18.185
7XFA_D9J,0.033,12.517,0.008,2.079,14.636999999999999
7XG5_PLP,0.206,2.27,0.004,3.393,5.872999999999999
7XI7_4RI,0.048,3.268,0.004,2.494,5.814
7XJN_NSD,0.402,2.041,0.001,3.115,5.559
7XPO_UPG,0.184,16.619,0.007,4.58,21.39
7XQZ_FPF,0.124,6.983,0.002,4.502,11.610999999999999
7XRL_FWK,0.699,2.491,0.004,4.867,8.061
7YZU_DO7,0.129,2.567,0.001,2.822,5.519
7Z1Q_NIO,0.05,0.712,0.003,1.59,2.355
7Z2O_IAJ,0.082,0.918,0.003,1.723,2.726
7Z7F_IF3,0.068,1.133,0.003,1.898,3.102
7ZCC_OGA,1.154,1.399,0.001,3.267,5.821
7ZDY_6MJ,0.545,1.229,0.001,3.383,5.1579999999999995
7ZF0_DHR,0.207,1.029,0.003,2.892,4.131
7ZHP_IQY,0.083,11.312,0.005,2.801,14.201
7ZL5_IWE,0.13,3.525,0.005,2.703,6.3629999999999995
7ZOC_T8E,0.144,1.636,0.004,2.447,4.231
7ZTL_BCN,0.082,2.074,0.001,2.24,4.397
7ZU2_DHT,0.064,1.702,0.001,2.117,3.884
7ZXV_45D,0.122,12.06,0.001,3.209,15.392
7ZZW_KKW,0.462,4.737,0.006,3.872,9.077
8A1H_DLZ,0.367,4.809,0.002,3.053,8.231
8A2D_KXY,0.077,17.559,0.009,3.699,21.344
8AAU_LH0,0.067,3.402,0.005,2.626,6.1
8AEM_LVF,0.099,1.023,0.003,2.542,3.667
8AIE_M7L,0.174,7.732,0.006,6.005,13.917000000000002
8AP0_PRP,0.09,6.466,0.003,3.352,9.911
8AQL_PLG,0.627,5.305,0.005,4.797,10.733999999999998
8AUH_L9I,0.219,1.238,0.001,2.865,4.323
8AY3_OE3,0.126,3.069,0.005,3.663,6.8629999999999995
8B8H_OJQ,0.38,4.661,0.005,3.695,8.741
8BOM_QU6,0.092,6.156,0.006,3.022,9.276
8BTI_RFO,0.092,1.364,0.003,2.889,4.348
8C3N_ADP,0.05,7.694,0.006,2.237,9.987
8C5M_MTA,0.136,2.709,0.004,2.519,5.368
8CNH_V6U,0.288,5.198,0.003,3.79,9.279
8CSD_C5P,0.457,4.514,0.005,3.557,8.533
8D19_GSH,0.25,6.642,0.002,3.294,10.188
8D39_QDB,0.116,2.048,0.002,2.526,4.692
8D5D_5DK,0.591,9.594,0.009,5.039,15.232999999999999
8DHG_T78,0.093,7.879,0.001,2.117,10.09
8DKO_TFB,0.263,0.858,0.001,2.866,3.988
8DP2_UMA,0.15,43.577,0.009,4.9,48.635999999999996
8DSC_NCA,0.309,0.83,0.003,3.288,4.43
8EAB_VN2,0.064,25.118,0.059,2.787,28.028
8EX2_Q2Q,0.11,2.518,0.007,2.587,5.2219999999999995
8EXL_799,0.238,17.47,0.007,4.075,21.79
8EYE_X4I,0.416,7.319,0.006,6.027,13.768
8F4J_PHO,31.42,66.6,0.003,0.793,98.816
8F8E_XJI,0.148,6.998,0.005,3.259,10.41
8FAV_4Y5,0.21,7.811,0.001,3.562,11.584
8FLV_ZB9,0.068,5.147,0.005,2.857,8.077
8FO5_Y4U,0.236,1.596,0.004,2.487,4.323
8G0V_YHT,0.761,5.729,0.005,4.876,11.371
8G6P_API,0.165,2.797,0.002,2.081,5.045
8GFD_ZHR,0.203,6.557,0.005,3.564,10.329
8HFN_XGC,0.125,5.339,0.005,3.607,9.076
8HO0_3ZI,0.095,2.202,0.005,2.975,5.277
8SLG_G5A,0.338,7.26,0.005,6.095,13.698
